{"stats":{"minecraft:crafted":{"minecraft:oak_planks":24,"minecraft:oak_pressure_plate":1,"minecraft:cooked_chicken":7,"minecraft:cherry_boat":2,"minecraft:cobblestone_stairs":16,"minecraft:diamond_shovel":1,"minecraft:cooked_mutton":25,"minecraft:quartz_block":1,"minecraft:glass":37,"minecraft:diamond_leggings":1,"minecraft:diamond_helmet":1,"minecraft:bow":1,"minecraft:iron_boots":5,"minecraft:chest":19,"minecraft:iron_door":6,"minecraft:stone_hoe":1,"minecraft:cooked_porkchop":15,"minecraft:diamond_axe":1,"minecraft:crafting_table":2,"minecraft:iron_helmet":3,"minecraft:cherry_button":26,"minecraft:copper_ingot":23,"minecraft:birch_planks":44,"minecraft:iron_chestplate":2,"minecraft:diamond_pickaxe":4,"minecraft:cherry_sign":12,"minecraft:shield":3,"minecraft:stick":256,"minecraft:iron_ingot":59,"minecraft:iron_pickaxe":3,"minecraft:stone_sword":3,"minecraft:gold_ingot":14,"minecraft:cherry_planks":424,"minecraft:oak_door":6,"minecraft:stone_shovel":5,"minecraft:fishing_rod":1,"minecraft:iron_nugget":36,"minecraft:furnace":1,"minecraft:white_carpet":9,"minecraft:cherry_trapdoor":14,"minecraft:polished_diorite":224,"minecraft:iron_axe":2,"minecraft:ladder":66,"minecraft:cherry_stairs":4,"minecraft:stone_pickaxe":5,"minecraft:diamond_boots":1,"minecraft:golden_helmet":2,"minecraft:cooked_beef":6,"minecraft:cooked_cod":2,"minecraft:diamond_sword":1,"minecraft:iron_sword":2,"minecraft:cooked_salmon":1,"minecraft:bucket":2,"minecraft:stone_axe":3,"minecraft:bread":9,"minecraft:air":0,"minecraft:gold_nugget":18,"minecraft:warped_fungus_on_a_stick":1,"minecraft:cherry_door":9,"minecraft:iron_leggings":2,"minecraft:white_bed":3,"minecraft:torch":140,"minecraft:diamond_chestplate":1},"minecraft:mined":{"minecraft:white_bed":16,"minecraft:cobblestone_stairs":13,"minecraft:obsidian":4,"minecraft:cherry_trapdoor":38,"minecraft:granite":11,"minecraft:grass_block":91,"minecraft:soul_soil":20,"minecraft:polished_diorite":208,"minecraft:crimson_fungus":1,"minecraft:oxeye_daisy":1,"minecraft:magma_block":61,"minecraft:iron_ore":11,"minecraft:cobbled_deepslate":8,"minecraft:pumpkin":2,"minecraft:twisting_vines":1,"minecraft:dirt_path":1,"minecraft:oak_stairs":1,"minecraft:deepslate_redstone_ore":43,"minecraft:quartz_block":2,"minecraft:kelp_plant":9,"minecraft:polished_deepslate_stairs":2,"minecraft:crimson_nylium":3,"minecraft:powder_snow":1,"minecraft:torch":8,"minecraft:chest":46,"minecraft:polished_diorite_slab":1,"minecraft:nether_quartz_ore":32,"minecraft:glass":10,"minecraft:cobblestone":464,"minecraft:oak_planks":103,"minecraft:wall_torch":19,"minecraft:polished_diorite_stairs":72,"minecraft:warped_nylium":28,"minecraft:nether_wart_block":3,"minecraft:birch_log":1,"minecraft:wheat":33,"minecraft:cherry_door":8,"minecraft:warped_fungus":2,"minecraft:cherry_button":6,"minecraft:sand":139,"minecraft:dirt":150,"minecraft:netherrack":161,"minecraft:oak_leaves":43,"minecraft:deepslate":1497,"minecraft:nether_gold_ore":31,"minecraft:tuff":249,"minecraft:deepslate_diamond_ore":30,"minecraft:oak_door":11,"minecraft:nether_bricks":4,"minecraft:ladder":10,"minecraft:kelp":2,"minecraft:sandstone":2,"minecraft:cherry_wall_sign":5,"minecraft:furnace":4,"minecraft:andesite":14,"minecraft:polished_deepslate":5,"minecraft:cobblestone_slab":4,"minecraft:shroomlight":3,"minecraft:deepslate_iron_ore":11,"minecraft:lantern":3,"minecraft:warped_stem":1,"minecraft:bone_block":1,"minecraft:stone":1274,"minecraft:white_wool":1,"minecraft:cherry_planks":53,"minecraft:basalt":14,"minecraft:dandelion":1,"minecraft:crafting_table":2,"minecraft:cornflower":1,"minecraft:short_grass":71,"minecraft:emerald_ore":1,"minecraft:warped_roots":3,"minecraft:tall_grass":3,"minecraft:copper_ore":37,"minecraft:deepslate_gold_ore":9,"minecraft:diorite":530,"minecraft:warped_wart_block":28,"minecraft:white_carpet":11,"minecraft:birch_leaves":22,"minecraft:yellow_bed":1,"minecraft:coal_ore":254,"minecraft:cherry_leaves":9,"minecraft:gravel":80,"minecraft:cobweb":1},"minecraft:killed_by":{"minecraft:creeper":1,"minecraft:piglin":1,"minecraft:zombie":5,"minecraft:enderman":2,"minecraft:iron_golem":1,"minecraft:skeleton":2},"minecraft:used":{"minecraft:polished_deepslate":4,"minecraft:ladder":13,"minecraft:chest":63,"minecraft:shield":76,"minecraft:iron_sword":261,"minecraft:rotten_flesh":21,"minecraft:mutton":3,"minecraft:tuff":61,"minecraft:polished_deepslate_stairs":2,"minecraft:glass":26,"minecraft:lava_bucket":4,"minecraft:lantern":4,"minecraft:quartz_block":2,"minecraft:cherry_button":32,"minecraft:crimson_roots":1,"minecraft:magma_block":17,"minecraft:bow":23,"minecraft:furnace":5,"minecraft:cooked_cod":2,"minecraft:polished_diorite_stairs":72,"minecraft:egg":47,"minecraft:diorite":30,"minecraft:warped_fungus_on_a_stick":187,"minecraft:stone_pickaxe":501,"minecraft:oak_planks":69,"minecraft:ender_pearl":1,"minecraft:wooden_pickaxe":133,"minecraft:diamond_axe":140,"minecraft:white_wool":1,"minecraft:bread":18,"minecraft:cherry_sign":9,"minecraft:iron_door":3,"minecraft:gravel":2,"minecraft:golden_helmet":5,"minecraft:pufferfish":7,"minecraft:nether_wart_block":1,"minecraft:fire_charge":1,"minecraft:wooden_sword":42,"minecraft:poisonous_potato":8,"minecraft:birch_log":1,"minecraft:andesite":6,"minecraft:cherry_boat":2,"minecraft:stone_sword":180,"minecraft:stone_shovel":239,"minecraft:wooden_shovel":15,"minecraft:stone_hoe":83,"minecraft:cooked_chicken":7,"minecraft:netherrack":62,"minecraft:oak_door":15,"minecraft:torch":64,"minecraft:dirt":197,"minecraft:warped_wart_block":1,"minecraft:white_carpet":11,"minecraft:granite":2,"minecraft:polished_diorite":473,"minecraft:iron_axe":119,"minecraft:cherry_trapdoor":38,"minecraft:iron_boots":2,"minecraft:basalt":4,"minecraft:beef":8,"minecraft:cooked_beef":24,"minecraft:cobbled_deepslate":42,"minecraft:pumpkin":1,"minecraft:wheat_seeds":63,"minecraft:cooked_mutton":24,"minecraft:water_bucket":51,"minecraft:cobblestone_stairs":27,"minecraft:cherry_planks":237,"minecraft:salmon":1,"minecraft:crafting_table":5,"minecraft:white_bed":26,"minecraft:apple":5,"minecraft:diamond_pickaxe":4045,"minecraft:diamond_shovel":69,"minecraft:cherry_door":12,"minecraft:chicken":8,"minecraft:iron_pickaxe":563,"minecraft:stone_axe":50,"minecraft:pink_petals":1,"minecraft:fishing_rod":1,"minecraft:crimson_fungus":1,"minecraft:cobblestone":640,"minecraft:porkchop":9,"minecraft:cooked_porkchop":17,"minecraft:bucket":57,"minecraft:kelp":6},"minecraft:picked_up":{"minecraft:iron_chestplate":2,"minecraft:wheat":29,"minecraft:diamond_sword":3,"minecraft:oak_stairs":1,"minecraft:polished_deepslate":190,"minecraft:string":5,"minecraft:soul_soil":20,"minecraft:raw_copper":305,"minecraft:iron_leggings":2,"minecraft:pufferfish":21,"minecraft:shroomlight":3,"minecraft:cherry_boat":2,"minecraft:diamond_leggings":4,"minecraft:gold_nugget":262,"minecraft:cobbled_deepslate":1572,"minecraft:bucket":3,"minecraft:cobblestone_slab":4,"minecraft:wooden_shovel":1,"minecraft:iron_pickaxe":2,"minecraft:iron_boots":6,"minecraft:furnace":4,"minecraft:golden_helmet":3,"minecraft:stick":19,"minecraft:polished_deepslate_stairs":2,"minecraft:torch":292,"minecraft:porkchop":25,"minecraft:cherry_log":77,"minecraft:diorite":588,"minecraft:quartz_block":3,"minecraft:stone_sword":8,"minecraft:rotten_flesh":27,"minecraft:obsidian":2,"minecraft:cod":2,"minecraft:cobblestone":2933,"minecraft:birch_log":1,"minecraft:pink_petals":1,"minecraft:magma_block":101,"minecraft:polished_diorite_slab":1,"minecraft:feather":53,"minecraft:cooked_beef":29,"minecraft:magma_cream":9,"minecraft:cherry_planks":217,"minecraft:water_bucket":5,"minecraft:andesite":31,"minecraft:flint":20,"minecraft:tuff":248,"minecraft:cherry_door":12,"minecraft:dirt":445,"minecraft:lantern":4,"minecraft:glass":115,"minecraft:bone":33,"minecraft:bow":11,"minecraft:wheat_seeds":120,"minecraft:raw_gold":9,"minecraft:diamond_helmet":2,"minecraft:stone_hoe":1,"minecraft:oak_planks":104,"minecraft:cooked_porkchop":5,"minecraft:warped_wart_block":83,"minecraft:poisonous_potato":121,"minecraft:sand":130,"minecraft:ink_sac":6,"minecraft:lily_of_the_valley":4,"minecraft:iron_hoe":1,"minecraft:diamond":133,"minecraft:granite":37,"minecraft:bone_meal":1,"minecraft:emerald":2,"minecraft:bread":15,"minecraft:oak_sapling":3,"minecraft:netherrack":424,"minecraft:crimson_roots":3,"minecraft:diamond_pickaxe":13,"minecraft:crafting_table":4,"minecraft:chicken":25,"minecraft:ladder":213,"minecraft:wooden_pickaxe":2,"minecraft:shield":12,"minecraft:cornflower":1,"minecraft:iron_axe":5,"minecraft:wooden_sword":1,"minecraft:white_carpet":13,"minecraft:music_disc_otherside":6,"minecraft:beef":11,"minecraft:light_gray_wool":3,"minecraft:chest":47,"minecraft:birch_sapling":1,"minecraft:cherry_button":8,"minecraft:cherry_trapdoor":48,"minecraft:egg":3,"minecraft:raw_iron":22,"minecraft:sandstone":2,"minecraft:oak_door":18,"minecraft:redstone":235,"minecraft:stone_shovel":11,"minecraft:arrow":31,"minecraft:diamond_chestplate":2,"minecraft:nether_bricks":4,"minecraft:diamond_boots":1,"minecraft:saddle":1,"minecraft:gold_ingot":6,"minecraft:mutton":28,"minecraft:bone_block":1,"minecraft:white_wool":16,"minecraft:oxeye_daisy":1,"minecraft:basalt":21,"minecraft:salmon":2,"minecraft:leather":15,"minecraft:crimson_fungus":1,"minecraft:oak_log":27,"minecraft:yellow_bed":1,"minecraft:nether_wart_block":5,"minecraft:cobblestone_stairs":12,"minecraft:paper":1,"minecraft:cooked_mutton":4,"minecraft:kelp":106,"minecraft:warped_stem":4,"minecraft:iron_ingot":114,"minecraft:stone_pickaxe":3,"minecraft:cherry_sign":17,"minecraft:soul_sand":3,"minecraft:iron_sword":10,"minecraft:warped_fungus":4,"minecraft:birch_boat":2,"minecraft:pumpkin":2,"minecraft:quartz":49,"minecraft:dandelion":1,"minecraft:gravel":112,"minecraft:white_bed":160,"minecraft:polished_diorite_stairs":72,"minecraft:diamond_shovel":4,"minecraft:stone_axe":7,"minecraft:polished_diorite":252,"minecraft:iron_helmet":3,"minecraft:diamond_axe":4,"minecraft:warped_roots":37,"minecraft:black_wool":3,"minecraft:warped_nylium":4,"minecraft:coal":583,"minecraft:ender_pearl":2},"minecraft:broken":{"minecraft:stone_pickaxe":3,"minecraft:diamond_pickaxe":2,"minecraft:stone_shovel":1,"minecraft:stone_sword":1,"minecraft:wooden_pickaxe":2,"minecraft:iron_pickaxe":2},"minecraft:dropped":{"minecraft:iron_sword":3,"minecraft:diamond_axe":2,"minecraft:lapis_lazuli":20,"minecraft:diamond":58,"minecraft:cooked_porkchop":1,"minecraft:leather":3,"minecraft:dirt":54,"minecraft:gold_nugget":29,"minecraft:white_wool":1,"minecraft:oak_door":1,"minecraft:gravel":2,"minecraft:stone_axe":2,"minecraft:iron_nugget":35,"minecraft:cobbled_deepslate":23,"minecraft:birch_sapling":1,"minecraft:rotten_flesh":1,"minecraft:diamond_shovel":2,"minecraft:white_bed":75,"minecraft:salmon":1,"minecraft:quartz_block":2,"minecraft:arrow":4,"minecraft:glass":48,"minecraft:quartz":19,"minecraft:netherrack":12,"minecraft:iron_ingot":44,"minecraft:bread":3,"minecraft:wheat_seeds":21,"minecraft:cherry_log":25,"minecraft:golden_helmet":1,"minecraft:diamond_leggings":2,"minecraft:poisonous_potato":1,"minecraft:cobblestone":67,"minecraft:iron_helmet":1,"minecraft:granite":12,"minecraft:pufferfish":8,"minecraft:diorite":28,"minecraft:torch":2,"minecraft:cooked_salmon":1,"minecraft:diamond_helmet":1,"minecraft:iron_leggings":1,"minecraft:string":2,"minecraft:bucket":1,"minecraft:redstone":39,"minecraft:stone_sword":5,"minecraft:stone_shovel":3,"minecraft:chicken":1,"minecraft:white_carpet":2,"minecraft:iron_boots":2,"minecraft:diamond_sword":2,"minecraft:shield":3,"minecraft:diamond_chestplate":1,"minecraft:diamond_pickaxe":3,"minecraft:iron_chestplate":1,"minecraft:andesite":1,"minecraft:oak_sapling":2,"minecraft:diamond_boots":1,"minecraft:stone_pickaxe":2},"minecraft:killed":{"minecraft:spider":1,"minecraft:cod":3,"minecraft:skeleton":9,"minecraft:chicken":20,"minecraft:magma_cube":80,"minecraft:pig":14,"minecraft:zombie_villager":1,"minecraft:strider":1,"minecraft:sheep":9,"minecraft:zombie":3,"minecraft:cow":4,"minecraft:horse":2,"minecraft:bat":1,"minecraft:squid":1,"minecraft:enderman":1},"minecraft:custom":{"minecraft:interact_with_crafting_table":201,"minecraft:leave_game":29,"minecraft:time_since_death":89111,"minecraft:sprint_one_cm":3309992,"minecraft:damage_blocked_by_shield":2221,"minecraft:drop":606,"minecraft:play_time":1039031,"minecraft:deaths":25,"minecraft:jump":8695,"minecraft:walk_on_water_one_cm":124995,"minecraft:enchant_item":7,"minecraft:interact_with_furnace":156,"minecraft:play_record":6,"minecraft:interact_with_cartography_table":3,"minecraft:interact_with_loom":2,"minecraft:sleep_in_bed":20,"minecraft:damage_dealt":9506,"minecraft:crouch_one_cm":81081,"minecraft:interact_with_smoker":14,"minecraft:horse_one_cm":856,"minecraft:mob_kills":153,"minecraft:climb_one_cm":212518,"minecraft:walk_one_cm":2623505,"minecraft:strider_one_cm":1473333,"minecraft:sneak_time":34095,"minecraft:walk_under_water_one_cm":122299,"minecraft:boat_one_cm":113811,"minecraft:interact_with_blast_furnace":2,"minecraft:total_world_time":1039031,"minecraft:time_since_rest":84627,"minecraft:damage_taken":9405,"minecraft:swim_one_cm":71528,"minecraft:fly_one_cm":1094495,"minecraft:open_chest":1732,"minecraft:fall_one_cm":143199}},"DataVersion":3953}