{"stats":{"minecraft:killed_by":{"minecraft:creeper":1,"minecraft:piglin":1,"minecraft:zombie":4,"minecraft:enderman":2,"minecraft:iron_golem":1,"minecraft:skeleton":2},"minecraft:killed":{"minecraft:spider":1,"minecraft:cod":3,"minecraft:skeleton":6,"minecraft:chicken":18,"minecraft:magma_cube":61,"minecraft:pig":11,"minecraft:zombie_villager":1,"minecraft:strider":1,"minecraft:sheep":8,"minecraft:zombie":3,"minecraft:cow":4,"minecraft:horse":1,"minecraft:bat":1,"minecraft:squid":1,"minecraft:enderman":1},"minecraft:custom":{"minecraft:interact_with_crafting_table":156,"minecraft:leave_game":23,"minecraft:time_since_death":4662,"minecraft:sprint_one_cm":2347751,"minecraft:damage_blocked_by_shield":1571,"minecraft:drop":389,"minecraft:play_time":731768,"minecraft:deaths":21,"minecraft:jump":7133,"minecraft:walk_on_water_one_cm":108665,"minecraft:enchant_item":2,"minecraft:interact_with_furnace":108,"minecraft:play_record":4,"minecraft:sleep_in_bed":15,"minecraft:damage_dealt":7812,"minecraft:crouch_one_cm":44047,"minecraft:interact_with_smoker":6,"minecraft:horse_one_cm":407,"minecraft:mob_kills":124,"minecraft:climb_one_cm":158178,"minecraft:walk_one_cm":1824389,"minecraft:sneak_time":20769,"minecraft:walk_under_water_one_cm":116451,"minecraft:boat_one_cm":113811,"minecraft:total_world_time":731768,"minecraft:time_since_rest":4707,"minecraft:damage_taken":7255,"minecraft:swim_one_cm":70085,"minecraft:fly_one_cm":883855,"minecraft:open_chest":1149,"minecraft:fall_one_cm":116811},"minecraft:used":{"minecraft:polished_deepslate":4,"minecraft:ladder":10,"minecraft:chest":43,"minecraft:shield":54,"minecraft:iron_sword":204,"minecraft:rotten_flesh":19,"minecraft:mutton":3,"minecraft:tuff":53,"minecraft:polished_deepslate_stairs":2,"minecraft:glass":26,"minecraft:lantern":1,"minecraft:quartz_block":2,"minecraft:cherry_button":28,"minecraft:crimson_roots":1,"minecraft:magma_block":17,"minecraft:bow":18,"minecraft:furnace":5,"minecraft:cooked_cod":1,"minecraft:polished_diorite_stairs":72,"minecraft:egg":47,"minecraft:diorite":28,"minecraft:stone_pickaxe":501,"minecraft:oak_planks":69,"minecraft:ender_pearl":1,"minecraft:wooden_pickaxe":74,"minecraft:diamond_axe":140,"minecraft:white_wool":1,"minecraft:bread":12,"minecraft:cherry_sign":6,"minecraft:gravel":2,"minecraft:golden_helmet":5,"minecraft:pufferfish":7,"minecraft:nether_wart_block":1,"minecraft:fire_charge":1,"minecraft:wooden_sword":42,"minecraft:birch_log":1,"minecraft:andesite":6,"minecraft:poisonous_potato":8,"minecraft:cherry_boat":2,"minecraft:stone_sword":180,"minecraft:stone_shovel":218,"minecraft:wooden_shovel":15,"minecraft:cooked_chicken":5,"minecraft:netherrack":46,"minecraft:oak_door":9,"minecraft:torch":43,"minecraft:dirt":165,"minecraft:warped_wart_block":1,"minecraft:white_carpet":10,"minecraft:granite":2,"minecraft:polished_diorite":78,"minecraft:iron_axe":61,"minecraft:cherry_trapdoor":38,"minecraft:iron_boots":1,"minecraft:beef":8,"minecraft:cooked_beef":11,"minecraft:cobbled_deepslate":40,"minecraft:pumpkin":1,"minecraft:cooked_mutton":21,"minecraft:water_bucket":37,"minecraft:cobblestone_stairs":23,"minecraft:cherry_planks":121,"minecraft:salmon":1,"minecraft:crafting_table":5,"minecraft:white_bed":10,"minecraft:diamond_pickaxe":2706,"minecraft:apple":5,"minecraft:diamond_shovel":69,"minecraft:cherry_door":11,"minecraft:chicken":8,"minecraft:iron_pickaxe":563,"minecraft:stone_axe":50,"minecraft:pink_petals":1,"minecraft:cobblestone":542,"minecraft:cooked_porkchop":14,"minecraft:porkchop":6,"minecraft:bucket":38,"minecraft:kelp":6},"minecraft:dropped":{"minecraft:iron_sword":2,"minecraft:diamond_axe":2,"minecraft:diamond":58,"minecraft:cooked_porkchop":1,"minecraft:leather":1,"minecraft:dirt":1,"minecraft:gold_nugget":22,"minecraft:white_wool":1,"minecraft:oak_door":1,"minecraft:gravel":2,"minecraft:stone_axe":2,"minecraft:cobbled_deepslate":23,"minecraft:birch_sapling":1,"minecraft:rotten_flesh":1,"minecraft:diamond_shovel":2,"minecraft:white_bed":1,"minecraft:salmon":1,"minecraft:quartz_block":2,"minecraft:glass":48,"minecraft:quartz":19,"minecraft:netherrack":12,"minecraft:iron_ingot":44,"minecraft:wheat_seeds":4,"minecraft:golden_helmet":1,"minecraft:cherry_log":25,"minecraft:diamond_leggings":2,"minecraft:poisonous_potato":1,"minecraft:iron_helmet":1,"minecraft:cobblestone":62,"minecraft:pufferfish":8,"minecraft:diorite":28,"minecraft:torch":2,"minecraft:cooked_salmon":1,"minecraft:diamond_helmet":1,"minecraft:iron_leggings":1,"minecraft:bucket":1,"minecraft:redstone":39,"minecraft:stone_sword":5,"minecraft:stone_shovel":2,"minecraft:chicken":1,"minecraft:white_carpet":2,"minecraft:iron_boots":2,"minecraft:diamond_sword":1,"minecraft:shield":1,"minecraft:diamond_chestplate":1,"minecraft:iron_chestplate":1,"minecraft:diamond_pickaxe":3,"minecraft:andesite":1,"minecraft:oak_sapling":1,"minecraft:diamond_boots":1,"minecraft:stone_pickaxe":2},"minecraft:mined":{"minecraft:white_bed":10,"minecraft:cobblestone_stairs":12,"minecraft:cherry_trapdoor":38,"minecraft:granite":11,"minecraft:grass_block":87,"minecraft:polished_diorite":46,"minecraft:oxeye_daisy":1,"minecraft:magma_block":61,"minecraft:iron_ore":8,"minecraft:cobbled_deepslate":7,"minecraft:pumpkin":2,"minecraft:twisting_vines":1,"minecraft:dirt_path":1,"minecraft:oak_stairs":1,"minecraft:deepslate_redstone_ore":35,"minecraft:quartz_block":2,"minecraft:crimson_nylium":2,"minecraft:kelp_plant":9,"minecraft:polished_deepslate_stairs":2,"minecraft:torch":7,"minecraft:chest":30,"minecraft:polished_diorite_slab":1,"minecraft:glass":8,"minecraft:nether_quartz_ore":23,"minecraft:cobblestone":345,"minecraft:oak_planks":103,"minecraft:wall_torch":15,"minecraft:polished_diorite_stairs":72,"minecraft:warped_nylium":25,"minecraft:nether_wart_block":3,"minecraft:birch_log":1,"minecraft:cherry_door":7,"minecraft:warped_fungus":1,"minecraft:cherry_button":5,"minecraft:sand":139,"minecraft:dirt":135,"minecraft:netherrack":143,"minecraft:oak_leaves":30,"minecraft:deepslate":1071,"minecraft:nether_gold_ore":23,"minecraft:tuff":151,"minecraft:deepslate_diamond_ore":28,"minecraft:oak_door":5,"minecraft:ladder":10,"minecraft:kelp":2,"minecraft:sandstone":2,"minecraft:cherry_wall_sign":4,"minecraft:furnace":4,"minecraft:andesite":14,"minecraft:polished_deepslate":4,"minecraft:cobblestone_slab":4,"minecraft:deepslate_iron_ore":11,"minecraft:shroomlight":3,"minecraft:lantern":1,"minecraft:warped_stem":1,"minecraft:stone":942,"minecraft:white_wool":1,"minecraft:cherry_planks":19,"minecraft:basalt":7,"minecraft:dandelion":1,"minecraft:cornflower":1,"minecraft:crafting_table":2,"minecraft:short_grass":67,"minecraft:emerald_ore":1,"minecraft:warped_roots":3,"minecraft:copper_ore":37,"minecraft:deepslate_gold_ore":9,"minecraft:diorite":365,"minecraft:warped_wart_block":28,"minecraft:white_carpet":10,"minecraft:birch_leaves":22,"minecraft:yellow_bed":1,"minecraft:coal_ore":254,"minecraft:cherry_leaves":3,"minecraft:gravel":80,"minecraft:cobweb":1},"minecraft:crafted":{"minecraft:oak_planks":24,"minecraft:oak_pressure_plate":1,"minecraft:cooked_chicken":5,"minecraft:cherry_boat":2,"minecraft:cobblestone_stairs":12,"minecraft:diamond_shovel":1,"minecraft:cooked_mutton":22,"minecraft:quartz_block":1,"minecraft:glass":37,"minecraft:bow":1,"minecraft:iron_boots":4,"minecraft:chest":18,"minecraft:cooked_porkchop":12,"minecraft:diamond_axe":1,"minecraft:crafting_table":2,"minecraft:iron_helmet":2,"minecraft:cherry_button":26,"minecraft:birch_planks":44,"minecraft:iron_chestplate":2,"minecraft:cherry_sign":12,"minecraft:diamond_pickaxe":4,"minecraft:shield":2,"minecraft:stick":236,"minecraft:iron_ingot":9,"minecraft:iron_pickaxe":3,"minecraft:stone_sword":3,"minecraft:gold_ingot":12,"minecraft:cherry_planks":424,"minecraft:oak_door":6,"minecraft:stone_shovel":4,"minecraft:furnace":1,"minecraft:white_carpet":9,"minecraft:cherry_trapdoor":14,"minecraft:polished_diorite":60,"minecraft:iron_axe":1,"minecraft:ladder":66,"minecraft:cherry_stairs":4,"minecraft:stone_pickaxe":5,"minecraft:golden_helmet":2,"minecraft:cooked_beef":6,"minecraft:cooked_cod":2,"minecraft:diamond_sword":1,"minecraft:iron_sword":1,"minecraft:cooked_salmon":1,"minecraft:stone_axe":3,"minecraft:gold_nugget":18,"minecraft:cherry_door":9,"minecraft:iron_leggings":2,"minecraft:white_bed":3,"minecraft:torch":136},"minecraft:broken":{"minecraft:stone_pickaxe":3,"minecraft:diamond_pickaxe":1,"minecraft:stone_shovel":1,"minecraft:stone_sword":1,"minecraft:wooden_pickaxe":1,"minecraft:iron_pickaxe":2},"minecraft:picked_up":{"minecraft:iron_chestplate":2,"minecraft:wheat":1,"minecraft:diamond_sword":1,"minecraft:oak_stairs":1,"minecraft:polished_deepslate":4,"minecraft:string":5,"minecraft:raw_copper":305,"minecraft:iron_leggings":2,"minecraft:pufferfish":21,"minecraft:shroomlight":3,"minecraft:cherry_boat":2,"minecraft:diamond_leggings":1,"minecraft:gold_nugget":204,"minecraft:cobbled_deepslate":1145,"minecraft:bucket":1,"minecraft:cobblestone_slab":4,"minecraft:wooden_shovel":1,"minecraft:iron_pickaxe":2,"minecraft:iron_boots":5,"minecraft:furnace":4,"minecraft:golden_helmet":3,"minecraft:stick":19,"minecraft:polished_deepslate_stairs":2,"minecraft:torch":214,"minecraft:porkchop":19,"minecraft:cherry_log":77,"minecraft:diorite":422,"minecraft:quartz_block":3,"minecraft:stone_sword":8,"minecraft:rotten_flesh":21,"minecraft:cod":2,"minecraft:cobblestone":2412,"minecraft:birch_log":1,"minecraft:pink_petals":1,"minecraft:magma_block":101,"minecraft:magma_cream":9,"minecraft:polished_diorite_slab":1,"minecraft:feather":52,"minecraft:cooked_beef":7,"minecraft:cherry_planks":151,"minecraft:water_bucket":5,"minecraft:andesite":31,"minecraft:flint":12,"minecraft:tuff":151,"minecraft:cherry_door":9,"minecraft:dirt":405,"minecraft:lantern":1,"minecraft:glass":70,"minecraft:bone":29,"minecraft:bow":11,"minecraft:wheat_seeds":13,"minecraft:raw_gold":9,"minecraft:oak_planks":104,"minecraft:cooked_porkchop":3,"minecraft:warped_wart_block":83,"minecraft:poisonous_potato":121,"minecraft:sand":130,"minecraft:ink_sac":6,"minecraft:diamond":125,"minecraft:granite":13,"minecraft:emerald":2,"minecraft:bread":15,"minecraft:oak_sapling":1,"minecraft:netherrack":403,"minecraft:crimson_roots":3,"minecraft:diamond_pickaxe":12,"minecraft:crafting_table":4,"minecraft:chicken":23,"minecraft:ladder":211,"minecraft:shield":8,"minecraft:cornflower":1,"minecraft:wooden_sword":1,"minecraft:iron_axe":3,"minecraft:white_carpet":12,"minecraft:music_disc_otherside":4,"minecraft:beef":11,"minecraft:light_gray_wool":3,"minecraft:chest":31,"minecraft:birch_sapling":1,"minecraft:cherry_button":6,"minecraft:cherry_trapdoor":48,"minecraft:egg":2,"minecraft:raw_iron":19,"minecraft:sandstone":2,"minecraft:oak_door":11,"minecraft:redstone":199,"minecraft:arrow":23,"minecraft:stone_shovel":8,"minecraft:gold_ingot":6,"minecraft:mutton":25,"minecraft:white_wool":11,"minecraft:oxeye_daisy":1,"minecraft:basalt":14,"minecraft:salmon":2,"minecraft:leather":11,"minecraft:oak_log":2,"minecraft:yellow_bed":1,"minecraft:nether_wart_block":5,"minecraft:cobblestone_stairs":11,"minecraft:paper":1,"minecraft:cooked_mutton":4,"minecraft:kelp":106,"minecraft:warped_stem":4,"minecraft:iron_ingot":75,"minecraft:stone_pickaxe":3,"minecraft:cherry_sign":16,"minecraft:iron_sword":7,"minecraft:warped_fungus":2,"minecraft:pumpkin":2,"minecraft:birch_boat":2,"minecraft:quartz":40,"minecraft:dandelion":1,"minecraft:gravel":112,"minecraft:white_bed":154,"minecraft:polished_diorite_stairs":72,"minecraft:diamond_shovel":3,"minecraft:stone_axe":7,"minecraft:polished_diorite":89,"minecraft:iron_helmet":2,"minecraft:diamond_axe":4,"minecraft:warped_roots":37,"minecraft:black_wool":3,"minecraft:warped_nylium":4,"minecraft:coal":583,"minecraft:ender_pearl":2}},"DataVersion":3953}