{"stats":{"minecraft:killed_by":{"minecraft:creeper":1,"minecraft:piglin":1,"minecraft:zombie":3,"minecraft:enderman":2,"minecraft:iron_golem":1,"minecraft:skeleton":2},"minecraft:killed":{"minecraft:spider":1,"minecraft:cod":3,"minecraft:skeleton":6,"minecraft:chicken":17,"minecraft:magma_cube":61,"minecraft:pig":11,"minecraft:zombie_villager":1,"minecraft:strider":1,"minecraft:sheep":7,"minecraft:zombie":3,"minecraft:cow":4,"minecraft:horse":1,"minecraft:bat":1,"minecraft:squid":1,"minecraft:enderman":1},"minecraft:custom":{"minecraft:interact_with_crafting_table":143,"minecraft:leave_game":21,"minecraft:time_since_death":49003,"minecraft:sprint_one_cm":2155557,"minecraft:damage_blocked_by_shield":1446,"minecraft:drop":299,"minecraft:play_time":671651,"minecraft:deaths":20,"minecraft:jump":6717,"minecraft:walk_on_water_one_cm":93377,"minecraft:interact_with_furnace":106,"minecraft:play_record":4,"minecraft:sleep_in_bed":14,"minecraft:damage_dealt":7521,"minecraft:crouch_one_cm":29225,"minecraft:interact_with_smoker":6,"minecraft:horse_one_cm":407,"minecraft:mob_kills":122,"minecraft:climb_one_cm":158178,"minecraft:walk_one_cm":1642963,"minecraft:sneak_time":15700,"minecraft:walk_under_water_one_cm":109557,"minecraft:boat_one_cm":59286,"minecraft:total_world_time":671651,"minecraft:time_since_rest":32593,"minecraft:damage_taken":6878,"minecraft:swim_one_cm":68209,"minecraft:fly_one_cm":829840,"minecraft:open_chest":1037,"minecraft:fall_one_cm":111022},"minecraft:used":{"minecraft:polished_deepslate":4,"minecraft:ladder":10,"minecraft:chest":30,"minecraft:shield":51,"minecraft:iron_sword":186,"minecraft:rotten_flesh":19,"minecraft:mutton":3,"minecraft:tuff":53,"minecraft:glass":26,"minecraft:quartz_block":2,"minecraft:cherry_button":28,"minecraft:crimson_roots":1,"minecraft:magma_block":17,"minecraft:bow":18,"minecraft:furnace":3,"minecraft:cooked_cod":1,"minecraft:polished_diorite_stairs":72,"minecraft:egg":47,"minecraft:diorite":24,"minecraft:stone_pickaxe":501,"minecraft:oak_planks":38,"minecraft:ender_pearl":1,"minecraft:wooden_pickaxe":74,"minecraft:diamond_axe":57,"minecraft:white_wool":1,"minecraft:bread":12,"minecraft:cherry_sign":6,"minecraft:gravel":1,"minecraft:golden_helmet":1,"minecraft:pufferfish":7,"minecraft:nether_wart_block":1,"minecraft:fire_charge":1,"minecraft:wooden_sword":42,"minecraft:andesite":6,"minecraft:poisonous_potato":8,"minecraft:stone_sword":180,"minecraft:stone_shovel":218,"minecraft:cooked_chicken":4,"minecraft:netherrack":46,"minecraft:oak_door":9,"minecraft:torch":40,"minecraft:dirt":125,"minecraft:warped_wart_block":1,"minecraft:white_carpet":10,"minecraft:granite":2,"minecraft:polished_diorite":22,"minecraft:iron_axe":61,"minecraft:cherry_trapdoor":38,"minecraft:iron_boots":1,"minecraft:beef":8,"minecraft:cooked_beef":10,"minecraft:cobbled_deepslate":40,"minecraft:pumpkin":1,"minecraft:cooked_mutton":21,"minecraft:water_bucket":37,"minecraft:cobblestone_stairs":23,"minecraft:cherry_planks":63,"minecraft:crafting_table":3,"minecraft:white_bed":10,"minecraft:diamond_pickaxe":2468,"minecraft:apple":5,"minecraft:diamond_shovel":69,"minecraft:cherry_door":11,"minecraft:chicken":7,"minecraft:iron_pickaxe":563,"minecraft:stone_axe":50,"minecraft:cobblestone":499,"minecraft:cooked_porkchop":14,"minecraft:porkchop":6,"minecraft:bucket":38,"minecraft:kelp":6},"minecraft:dropped":{"minecraft:iron_sword":2,"minecraft:diamond_axe":2,"minecraft:diamond":58,"minecraft:cooked_porkchop":1,"minecraft:leather":1,"minecraft:dirt":1,"minecraft:oak_door":1,"minecraft:stone_axe":2,"minecraft:cobbled_deepslate":23,"minecraft:rotten_flesh":1,"minecraft:diamond_shovel":2,"minecraft:quartz_block":2,"minecraft:glass":48,"minecraft:quartz":19,"minecraft:netherrack":12,"minecraft:iron_ingot":44,"minecraft:wheat_seeds":3,"minecraft:diamond_leggings":2,"minecraft:iron_helmet":1,"minecraft:cobblestone":59,"minecraft:pufferfish":8,"minecraft:torch":2,"minecraft:cooked_salmon":1,"minecraft:diamond_helmet":1,"minecraft:iron_leggings":1,"minecraft:bucket":1,"minecraft:redstone":39,"minecraft:stone_sword":5,"minecraft:stone_shovel":1,"minecraft:chicken":1,"minecraft:white_carpet":2,"minecraft:iron_boots":1,"minecraft:diamond_sword":1,"minecraft:shield":1,"minecraft:diamond_chestplate":1,"minecraft:iron_chestplate":1,"minecraft:diamond_pickaxe":3,"minecraft:andesite":1,"minecraft:diamond_boots":1,"minecraft:stone_pickaxe":2},"minecraft:mined":{"minecraft:white_bed":7,"minecraft:cobblestone_stairs":12,"minecraft:cherry_trapdoor":38,"minecraft:granite":11,"minecraft:grass_block":48,"minecraft:polished_diorite":32,"minecraft:oxeye_daisy":1,"minecraft:magma_block":61,"minecraft:iron_ore":8,"minecraft:cobbled_deepslate":7,"minecraft:pumpkin":2,"minecraft:twisting_vines":1,"minecraft:dirt_path":1,"minecraft:oak_stairs":1,"minecraft:deepslate_redstone_ore":35,"minecraft:quartz_block":2,"minecraft:polished_deepslate_stairs":2,"minecraft:crimson_nylium":2,"minecraft:kelp_plant":9,"minecraft:torch":7,"minecraft:chest":15,"minecraft:glass":8,"minecraft:nether_quartz_ore":23,"minecraft:cobblestone":261,"minecraft:oak_planks":62,"minecraft:wall_torch":13,"minecraft:polished_diorite_stairs":72,"minecraft:warped_nylium":25,"minecraft:nether_wart_block":3,"minecraft:cherry_door":3,"minecraft:warped_fungus":1,"minecraft:cherry_button":1,"minecraft:sand":139,"minecraft:dirt":133,"minecraft:netherrack":142,"minecraft:oak_leaves":1,"minecraft:deepslate":1071,"minecraft:nether_gold_ore":23,"minecraft:tuff":151,"minecraft:deepslate_diamond_ore":28,"minecraft:oak_door":5,"minecraft:ladder":10,"minecraft:kelp":2,"minecraft:sandstone":2,"minecraft:cherry_wall_sign":4,"minecraft:furnace":2,"minecraft:andesite":14,"minecraft:polished_deepslate":4,"minecraft:deepslate_iron_ore":11,"minecraft:shroomlight":3,"minecraft:warped_stem":1,"minecraft:stone":817,"minecraft:white_wool":1,"minecraft:cherry_planks":12,"minecraft:basalt":7,"minecraft:dandelion":1,"minecraft:cornflower":1,"minecraft:crafting_table":1,"minecraft:short_grass":62,"minecraft:emerald_ore":1,"minecraft:warped_roots":3,"minecraft:copper_ore":37,"minecraft:deepslate_gold_ore":9,"minecraft:diorite":361,"minecraft:warped_wart_block":28,"minecraft:white_carpet":1,"minecraft:yellow_bed":1,"minecraft:coal_ore":254,"minecraft:cherry_leaves":3,"minecraft:gravel":80},"minecraft:crafted":{"minecraft:oak_planks":24,"minecraft:oak_pressure_plate":1,"minecraft:cooked_chicken":5,"minecraft:cobblestone_stairs":12,"minecraft:diamond_shovel":1,"minecraft:cooked_mutton":22,"minecraft:quartz_block":1,"minecraft:glass":37,"minecraft:bow":1,"minecraft:iron_boots":3,"minecraft:chest":17,"minecraft:cooked_porkchop":12,"minecraft:diamond_axe":1,"minecraft:crafting_table":2,"minecraft:iron_helmet":2,"minecraft:cherry_button":26,"minecraft:birch_planks":32,"minecraft:iron_chestplate":2,"minecraft:cherry_sign":12,"minecraft:diamond_pickaxe":4,"minecraft:shield":2,"minecraft:stick":228,"minecraft:iron_ingot":9,"minecraft:iron_pickaxe":3,"minecraft:stone_sword":3,"minecraft:gold_ingot":12,"minecraft:cherry_planks":400,"minecraft:oak_door":6,"minecraft:stone_shovel":3,"minecraft:furnace":1,"minecraft:white_carpet":9,"minecraft:cherry_trapdoor":14,"minecraft:iron_axe":1,"minecraft:ladder":66,"minecraft:cherry_stairs":4,"minecraft:stone_pickaxe":5,"minecraft:golden_helmet":1,"minecraft:cooked_beef":6,"minecraft:cooked_cod":2,"minecraft:diamond_sword":1,"minecraft:iron_sword":1,"minecraft:cooked_salmon":1,"minecraft:stone_axe":3,"minecraft:cherry_door":9,"minecraft:iron_leggings":2,"minecraft:white_bed":3,"minecraft:torch":136},"minecraft:broken":{"minecraft:stone_pickaxe":3,"minecraft:diamond_pickaxe":1,"minecraft:stone_shovel":1,"minecraft:stone_sword":1,"minecraft:wooden_pickaxe":1,"minecraft:iron_pickaxe":2},"minecraft:picked_up":{"minecraft:iron_chestplate":2,"minecraft:wheat":1,"minecraft:oak_stairs":1,"minecraft:polished_deepslate":4,"minecraft:raw_copper":300,"minecraft:iron_leggings":2,"minecraft:pufferfish":8,"minecraft:shroomlight":3,"minecraft:diamond_leggings":1,"minecraft:gold_nugget":200,"minecraft:cobbled_deepslate":1145,"minecraft:bucket":1,"minecraft:iron_pickaxe":2,"minecraft:iron_boots":5,"minecraft:furnace":2,"minecraft:golden_helmet":3,"minecraft:stick":18,"minecraft:polished_deepslate_stairs":2,"minecraft:torch":212,"minecraft:porkchop":19,"minecraft:cherry_log":52,"minecraft:diorite":376,"minecraft:quartz_block":3,"minecraft:stone_sword":8,"minecraft:rotten_flesh":21,"minecraft:cod":2,"minecraft:cobblestone":2157,"minecraft:magma_block":64,"minecraft:magma_cream":6,"minecraft:feather":50,"minecraft:cooked_beef":7,"minecraft:cherry_planks":16,"minecraft:water_bucket":5,"minecraft:andesite":31,"minecraft:flint":12,"minecraft:tuff":151,"minecraft:cherry_door":3,"minecraft:dirt":363,"minecraft:glass":70,"minecraft:bone":16,"minecraft:bow":6,"minecraft:wheat_seeds":12,"minecraft:raw_gold":9,"minecraft:oak_planks":65,"minecraft:cooked_porkchop":3,"minecraft:warped_wart_block":64,"minecraft:poisonous_potato":64,"minecraft:sand":130,"minecraft:ink_sac":3,"minecraft:diamond":112,"minecraft:granite":13,"minecraft:bread":15,"minecraft:emerald":2,"minecraft:netherrack":301,"minecraft:crimson_roots":1,"minecraft:diamond_pickaxe":10,"minecraft:crafting_table":2,"minecraft:chicken":22,"minecraft:ladder":177,"minecraft:shield":8,"minecraft:cornflower":1,"minecraft:wooden_sword":1,"minecraft:iron_axe":3,"minecraft:white_carpet":3,"minecraft:music_disc_otherside":4,"minecraft:beef":11,"minecraft:light_gray_wool":3,"minecraft:chest":16,"minecraft:cherry_button":2,"minecraft:cherry_trapdoor":35,"minecraft:egg":2,"minecraft:raw_iron":19,"minecraft:sandstone":2,"minecraft:oak_door":7,"minecraft:redstone":199,"minecraft:arrow":15,"minecraft:stone_shovel":8,"minecraft:gold_ingot":6,"minecraft:mutton":24,"minecraft:white_wool":10,"minecraft:oxeye_daisy":1,"minecraft:basalt":14,"minecraft:leather":11,"minecraft:oak_log":2,"minecraft:yellow_bed":1,"minecraft:nether_wart_block":4,"minecraft:cobblestone_stairs":11,"minecraft:cooked_mutton":4,"minecraft:kelp":56,"minecraft:warped_stem":3,"minecraft:iron_ingot":70,"minecraft:stone_pickaxe":3,"minecraft:cherry_sign":5,"minecraft:iron_sword":7,"minecraft:warped_fungus":1,"minecraft:pumpkin":2,"minecraft:birch_boat":1,"minecraft:quartz":40,"minecraft:dandelion":1,"minecraft:gravel":109,"minecraft:white_bed":64,"minecraft:polished_diorite_stairs":72,"minecraft:diamond_shovel":2,"minecraft:stone_axe":7,"minecraft:polished_diorite":32,"minecraft:iron_helmet":2,"minecraft:diamond_axe":3,"minecraft:warped_roots":22,"minecraft:black_wool":3,"minecraft:warped_nylium":3,"minecraft:coal":463,"minecraft:ender_pearl":2}},"DataVersion":3953}