{"stats":{"minecraft:crafted":{"minecraft:cherry_planks":400,"minecraft:oak_planks":12,"minecraft:stone_shovel":3,"minecraft:oak_pressure_plate":1,"minecraft:cooked_chicken":2,"minecraft:furnace":1,"minecraft:cobblestone_stairs":12,"minecraft:white_carpet":9,"minecraft:cooked_mutton":21,"minecraft:cherry_trapdoor":14,"minecraft:glass":37,"minecraft:quartz_block":1,"minecraft:iron_boots":3,"minecraft:iron_axe":1,"minecraft:ladder":57,"minecraft:cherry_stairs":4,"minecraft:stone_pickaxe":5,"minecraft:chest":14,"minecraft:golden_helmet":1,"minecraft:cooked_beef":3,"minecraft:cooked_porkchop":10,"minecraft:crafting_table":2,"minecraft:iron_helmet":2,"minecraft:iron_sword":1,"minecraft:cherry_button":26,"minecraft:cooked_salmon":1,"minecraft:stone_axe":3,"minecraft:iron_chestplate":2,"minecraft:diamond_pickaxe":3,"minecraft:cherry_sign":12,"minecraft:shield":2,"minecraft:stick":200,"minecraft:iron_ingot":9,"minecraft:iron_pickaxe":3,"minecraft:stone_sword":3,"minecraft:gold_ingot":11,"minecraft:cherry_door":9,"minecraft:iron_leggings":2,"minecraft:white_bed":3,"minecraft:torch":76},"minecraft:mined":{"minecraft:nether_gold_ore":23,"minecraft:tuff":71,"minecraft:white_bed":5,"minecraft:deepslate_diamond_ore":26,"minecraft:oak_door":3,"minecraft:cobblestone_stairs":12,"minecraft:cherry_trapdoor":38,"minecraft:ladder":8,"minecraft:granite":11,"minecraft:grass_block":46,"minecraft:polished_diorite":13,"minecraft:kelp":2,"minecraft:sandstone":2,"minecraft:cherry_wall_sign":4,"minecraft:magma_block":59,"minecraft:furnace":2,"minecraft:iron_ore":8,"minecraft:cobbled_deepslate":5,"minecraft:andesite":14,"minecraft:pumpkin":2,"minecraft:twisting_vines":1,"minecraft:shroomlight":3,"minecraft:deepslate_iron_ore":9,"minecraft:oak_stairs":1,"minecraft:warped_stem":1,"minecraft:stone":763,"minecraft:deepslate_redstone_ore":27,"minecraft:cherry_planks":12,"minecraft:kelp_plant":9,"minecraft:crimson_nylium":2,"minecraft:dandelion":1,"minecraft:cornflower":1,"minecraft:torch":7,"minecraft:short_grass":54,"minecraft:emerald_ore":1,"minecraft:warped_roots":3,"minecraft:chest":8,"minecraft:nether_quartz_ore":23,"minecraft:glass":8,"minecraft:copper_ore":29,"minecraft:cobblestone":200,"minecraft:deepslate_gold_ore":9,"minecraft:oak_planks":12,"minecraft:diorite":348,"minecraft:wall_torch":10,"minecraft:warped_wart_block":28,"minecraft:warped_nylium":25,"minecraft:nether_wart_block":3,"minecraft:white_carpet":1,"minecraft:cherry_door":3,"minecraft:warped_fungus":1,"minecraft:yellow_bed":1,"minecraft:coal_ore":254,"minecraft:cherry_button":1,"minecraft:gravel":62,"minecraft:sand":139,"minecraft:dirt":129,"minecraft:netherrack":141,"minecraft:oak_leaves":1,"minecraft:deepslate":991},"minecraft:killed_by":{"minecraft:creeper":1,"minecraft:enderman":2,"minecraft:iron_golem":1,"minecraft:piglin":1,"minecraft:skeleton":1,"minecraft:zombie":3},"minecraft:used":{"minecraft:stone_sword":180,"minecraft:stone_shovel":218,"minecraft:ladder":8,"minecraft:chest":22,"minecraft:shield":23,"minecraft:iron_sword":75,"minecraft:cooked_chicken":2,"minecraft:rotten_flesh":2,"minecraft:netherrack":45,"minecraft:oak_door":3,"minecraft:torch":35,"minecraft:dirt":119,"minecraft:warped_wart_block":1,"minecraft:mutton":3,"minecraft:white_carpet":10,"minecraft:tuff":50,"minecraft:granite":2,"minecraft:polished_diorite":3,"minecraft:glass":26,"minecraft:iron_axe":57,"minecraft:cherry_trapdoor":38,"minecraft:cherry_button":28,"minecraft:crimson_roots":1,"minecraft:magma_block":16,"minecraft:bow":2,"minecraft:beef":8,"minecraft:furnace":3,"minecraft:egg":45,"minecraft:cooked_beef":8,"minecraft:cobbled_deepslate":31,"minecraft:pumpkin":1,"minecraft:cooked_mutton":18,"minecraft:water_bucket":30,"minecraft:diorite":11,"minecraft:cobblestone_stairs":23,"minecraft:stone_pickaxe":501,"minecraft:oak_planks":14,"minecraft:ender_pearl":1,"minecraft:wooden_pickaxe":74,"minecraft:cherry_planks":63,"minecraft:crafting_table":2,"minecraft:white_bed":5,"minecraft:apple":5,"minecraft:diamond_pickaxe":2045,"minecraft:diamond_shovel":50,"minecraft:cherry_door":11,"minecraft:chicken":6,"minecraft:bread":12,"minecraft:iron_pickaxe":563,"minecraft:cherry_sign":6,"minecraft:gravel":1,"minecraft:stone_axe":50,"minecraft:nether_wart_block":1,"minecraft:wooden_sword":42,"minecraft:cobblestone":367,"minecraft:porkchop":5,"minecraft:cooked_porkchop":12,"minecraft:bucket":31,"minecraft:andesite":6,"minecraft:kelp":6},"minecraft:picked_up":{"minecraft:iron_chestplate":2,"minecraft:chicken":18,"minecraft:ladder":175,"minecraft:oak_stairs":1,"minecraft:shield":5,"minecraft:cornflower":1,"minecraft:raw_copper":240,"minecraft:iron_axe":2,"minecraft:wooden_sword":1,"minecraft:iron_leggings":2,"minecraft:white_carpet":3,"minecraft:pufferfish":8,"minecraft:shroomlight":3,"minecraft:diamond_leggings":1,"minecraft:gold_nugget":197,"minecraft:cobbled_deepslate":995,"minecraft:bucket":1,"minecraft:music_disc_otherside":2,"minecraft:beef":8,"minecraft:iron_pickaxe":2,"minecraft:light_gray_wool":3,"minecraft:chest":9,"minecraft:cherry_button":2,"minecraft:cherry_trapdoor":35,"minecraft:iron_boots":2,"minecraft:furnace":2,"minecraft:stick":18,"minecraft:raw_iron":17,"minecraft:sandstone":2,"minecraft:oak_door":3,"minecraft:torch":208,"minecraft:porkchop":16,"minecraft:cherry_log":52,"minecraft:diorite":363,"minecraft:redstone":164,"minecraft:quartz_block":1,"minecraft:stone_shovel":8,"minecraft:stone_sword":8,"minecraft:arrow":10,"minecraft:rotten_flesh":17,"minecraft:mutton":23,"minecraft:white_wool":8,"minecraft:cobblestone":1867,"minecraft:magma_block":63,"minecraft:magma_cream":1,"minecraft:feather":48,"minecraft:cooked_beef":7,"minecraft:cherry_planks":16,"minecraft:water_bucket":4,"minecraft:andesite":30,"minecraft:leather":10,"minecraft:flint":7,"minecraft:tuff":71,"minecraft:oak_log":2,"minecraft:nether_wart_block":4,"minecraft:yellow_bed":1,"minecraft:cobblestone_stairs":11,"minecraft:dirt":345,"minecraft:cherry_door":3,"minecraft:cooked_mutton":4,"minecraft:glass":70,"minecraft:bone":15,"minecraft:kelp":56,"minecraft:bow":4,"minecraft:wheat_seeds":12,"minecraft:warped_stem":3,"minecraft:raw_gold":9,"minecraft:stone_pickaxe":3,"minecraft:iron_ingot":70,"minecraft:cherry_sign":5,"minecraft:oak_planks":14,"minecraft:iron_sword":4,"minecraft:warped_fungus":1,"minecraft:cooked_porkchop":3,"minecraft:birch_boat":1,"minecraft:pumpkin":2,"minecraft:warped_wart_block":64,"minecraft:quartz":40,"minecraft:dandelion":1,"minecraft:gravel":74,"minecraft:sand":130,"minecraft:ink_sac":3,"minecraft:white_bed":5,"minecraft:diamond":77,"minecraft:polished_diorite":13,"minecraft:stone_axe":7,"minecraft:iron_helmet":2,"minecraft:diamond_axe":2,"minecraft:granite":13,"minecraft:bread":15,"minecraft:emerald":2,"minecraft:warped_roots":22,"minecraft:warped_nylium":3,"minecraft:black_wool":3,"minecraft:netherrack":300,"minecraft:coal":462,"minecraft:ender_pearl":2,"minecraft:crimson_roots":1,"minecraft:diamond_pickaxe":7},"minecraft:broken":{"minecraft:stone_sword":1,"minecraft:wooden_pickaxe":1,"minecraft:stone_pickaxe":3,"minecraft:diamond_pickaxe":1,"minecraft:iron_pickaxe":2,"minecraft:stone_shovel":1},"minecraft:dropped":{"minecraft:iron_ingot":44,"minecraft:iron_sword":2,"minecraft:wheat_seeds":3,"minecraft:diamond_axe":2,"minecraft:diamond":58,"minecraft:cooked_porkchop":1,"minecraft:diamond_leggings":2,"minecraft:cobblestone":59,"minecraft:iron_helmet":1,"minecraft:leather":1,"minecraft:pufferfish":8,"minecraft:dirt":1,"minecraft:torch":2,"minecraft:cooked_salmon":1,"minecraft:diamond_helmet":1,"minecraft:iron_leggings":1,"minecraft:bucket":1,"minecraft:redstone":39,"minecraft:oak_door":1,"minecraft:stone_axe":2,"minecraft:stone_sword":5,"minecraft:cobbled_deepslate":23,"minecraft:stone_shovel":1,"minecraft:white_carpet":2,"minecraft:chicken":1,"minecraft:rotten_flesh":1,"minecraft:iron_boots":1,"minecraft:diamond_shovel":1,"minecraft:diamond_sword":1,"minecraft:shield":1,"minecraft:diamond_chestplate":1,"minecraft:diamond_pickaxe":2,"minecraft:iron_chestplate":1,"minecraft:quartz_block":2,"minecraft:diamond_boots":1,"minecraft:glass":48,"minecraft:stone_pickaxe":2,"minecraft:quartz":19,"minecraft:netherrack":12},"minecraft:killed":{"minecraft:horse":1,"minecraft:skeleton":4,"minecraft:chicken":13,"minecraft:magma_cube":12,"minecraft:pig":8,"minecraft:bat":1,"minecraft:strider":1,"minecraft:squid":1,"minecraft:sheep":6,"minecraft:zombie":3,"minecraft:enderman":1,"minecraft:cow":3},"minecraft:custom":{"minecraft:mob_kills":57,"minecraft:interact_with_crafting_table":120,"minecraft:leave_game":14,"minecraft:time_since_death":192069,"minecraft:climb_one_cm":119500,"minecraft:sprint_one_cm":1712201,"minecraft:walk_one_cm":1289640,"minecraft:damage_blocked_by_shield":650,"minecraft:drop":296,"minecraft:play_time":537588,"minecraft:deaths":16,"minecraft:sneak_time":11231,"minecraft:walk_under_water_one_cm":98104,"minecraft:boat_one_cm":59286,"minecraft:jump":5503,"minecraft:walk_on_water_one_cm":87566,"minecraft:total_world_time":537588,"minecraft:interact_with_furnace":80,"minecraft:play_record":2,"minecraft:sleep_in_bed":9,"minecraft:time_since_rest":16663,"minecraft:damage_taken":5407,"minecraft:damage_dealt":5445,"minecraft:swim_one_cm":46029,"minecraft:fly_one_cm":660238,"minecraft:open_chest":745,"minecraft:crouch_one_cm":22749,"minecraft:interact_with_smoker":6,"minecraft:fall_one_cm":102500,"minecraft:horse_one_cm":407}},"DataVersion":3953}