{"stats":{"minecraft:custom":{"minecraft:jump":141,"minecraft:time_since_rest":95,"minecraft:leave_game":1,"minecraft:deaths":1,"minecraft:sprint_one_cm":16801,"minecraft:play_time":2683,"minecraft:damage_taken":740,"minecraft:time_since_death":0,"minecraft:walk_one_cm":2655,"minecraft:total_world_time":2683,"minecraft:fall_one_cm":10120,"minecraft:fly_one_cm":18836},"minecraft:mined":{"minecraft:grass_block":1,"minecraft:oak_leaves":1},"minecraft:picked_up":{"minecraft:dirt":1}},"DataVersion":3953}