{"stats":{"minecraft:killed":{"minecraft:sheep":1},"minecraft:killed_by":{"minecraft:zombie":1,"minecraft:enderman":1},"minecraft:custom":{"minecraft:time_since_rest":27868,"minecraft:interact_with_furnace":2,"minecraft:sprint_one_cm":161061,"minecraft:damage_taken":994,"minecraft:walk_one_cm":115935,"minecraft:mob_kills":1,"minecraft:drop":1,"minecraft:damage_dealt":128,"minecraft:swim_one_cm":7923,"minecraft:interact_with_crafting_table":2,"minecraft:fly_one_cm":66001,"minecraft:open_chest":13,"minecraft:crouch_one_cm":334,"minecraft:play_time":33287,"minecraft:deaths":3,"minecraft:sneak_time":50,"minecraft:walk_under_water_one_cm":1766,"minecraft:boat_one_cm":43441,"minecraft:jump":488,"minecraft:leave_game":4,"minecraft:walk_on_water_one_cm":8059,"minecraft:time_since_death":27836,"minecraft:interact_with_smoker":2,"minecraft:total_world_time":33287,"minecraft:fall_one_cm":10158},"minecraft:dropped":{"minecraft:wooden_shovel":1},"minecraft:used":{"minecraft:wheat_seeds":1,"minecraft:stone_shovel":142,"minecraft:cherry_button":1,"minecraft:iron_boots":1,"minecraft:diamond_axe":8,"minecraft:wooden_shovel":55,"minecraft:rotten_flesh":2,"minecraft:golden_helmet":1,"minecraft:salmon":1,"minecraft:pink_petals":14,"minecraft:dirt":67,"minecraft:mutton":1,"minecraft:cooked_beef":3},"minecraft:mined":{"minecraft:pink_petals":18,"minecraft:pumpkin":2,"minecraft:short_grass":13,"minecraft:grass_block":167,"minecraft:oak_log":7,"minecraft:cherry_button":1,"minecraft:rose_bush":5,"minecraft:dirt":9,"minecraft:oak_leaves":2},"minecraft:crafted":{"minecraft:cherry_planks":12,"minecraft:wooden_shovel":2,"minecraft:stick":4,"minecraft:pumpkin_seeds":4,"minecraft:cooked_mutton":6},"minecraft:broken":{"minecraft:stone_shovel":1},"minecraft:picked_up":{"minecraft:golden_helmet":1,"minecraft:pink_petals":55,"minecraft:stick":1,"minecraft:feather":2,"minecraft:pumpkin":2,"minecraft:salmon":1,"minecraft:brown_wool":1,"minecraft:oak_log":4,"minecraft:cherry_log":64,"minecraft:music_disc_11":1,"minecraft:grass_block":1,"minecraft:dirt":225,"minecraft:spider_eye":14,"minecraft:arrow":1,"minecraft:stone_shovel":1,"minecraft:rotten_flesh":2,"minecraft:bow":1,"minecraft:wheat_seeds":9,"minecraft:diamond_axe":1,"minecraft:bone_meal":46,"minecraft:rose_bush":5,"minecraft:oak_sapling":1,"minecraft:mutton":1,"minecraft:cherry_button":1,"minecraft:white_wool":1,"minecraft:iron_boots":2,"minecraft:ender_pearl":1}},"DataVersion":3953}