{"stats":{"minecraft:killed":{"minecraft:pig":1,"minecraft:spider":4,"minecraft:bat":1,"minecraft:creeper":2,"minecraft:sheep":1,"minecraft:skeleton":6,"minecraft:zombie":14,"minecraft:chicken":3},"minecraft:dropped":{"minecraft:wheat_seeds":1,"minecraft:cooked_beef":2,"minecraft:rotten_flesh":38,"minecraft:wooden_shovel":1,"minecraft:pink_petals":44},"minecraft:broken":{"minecraft:shears":1,"minecraft:flint_and_steel":2,"minecraft:stone_shovel":1,"minecraft:stone_hoe":1},"minecraft:used":{"minecraft:cherry_sapling":162,"minecraft:wheat_seeds":183,"minecraft:cooked_mutton":6,"minecraft:water_bucket":4,"minecraft:netherite_sword":20,"minecraft:flint_and_steel":128,"minecraft:stripped_birch_log":3,"minecraft:stone_shovel":142,"minecraft:stone_pickaxe":7,"minecraft:baked_potato":6,"minecraft:wooden_shovel":55,"minecraft:diamond_axe":1143,"minecraft:stone_hoe":78,"minecraft:rotten_flesh":15,"minecraft:white_wool":3,"minecraft:salmon":1,"minecraft:torch":55,"minecraft:dirt":373,"minecraft:mutton":1,"minecraft:diamond_helmet":2,"minecraft:shears":238,"minecraft:lava_bucket":1,"minecraft:diamond_shovel":283,"minecraft:netherite_hoe":144,"minecraft:cherry_leaves":5,"minecraft:cherry_button":1,"minecraft:iron_boots":1,"minecraft:pink_wool":1,"minecraft:wooden_sword":3,"minecraft:golden_helmet":2,"minecraft:pink_petals":79,"minecraft:glowstone":5,"minecraft:fire_charge":1,"minecraft:bucket":5,"minecraft:cooked_porkchop":3,"minecraft:birch_log":3,"minecraft:bone_meal":94,"minecraft:cooked_beef":12,"minecraft:dandelion":1,"minecraft:cherry_log":1},"minecraft:mined":{"minecraft:farmland":2,"minecraft:cherry_log":836,"minecraft:cherry_sapling":11,"minecraft:stripped_birch_log":3,"minecraft:dandelion":1,"minecraft:torch":2,"minecraft:glow_lichen":2,"minecraft:short_grass":171,"minecraft:grass_block":365,"minecraft:rose_bush":5,"minecraft:tall_grass":37,"minecraft:deepslate_copper_ore":1,"minecraft:pink_petals":64,"minecraft:glowstone":5,"minecraft:birch_log":13,"minecraft:fire":4,"minecraft:wheat":45,"minecraft:pumpkin":2,"minecraft:oak_log":39,"minecraft:cherry_button":1,"minecraft:cherry_leaves":317,"minecraft:dirt":133,"minecraft:cobweb":2,"minecraft:white_wool":3,"minecraft:oak_leaves":80,"minecraft:deepslate":6},"minecraft:crafted":{"minecraft:cherry_planks":12,"minecraft:wooden_sword":1,"minecraft:oak_planks":16,"minecraft:wooden_shovel":2,"minecraft:cooked_porkchop":3,"minecraft:baked_potato":18,"minecraft:bone_meal":51,"minecraft:pumpkin_seeds":4,"minecraft:pink_dye":10,"minecraft:cooked_mutton":6,"minecraft:flint_and_steel":1,"minecraft:white_wool":4,"minecraft:pink_wool":1,"minecraft:stick":36,"minecraft:iron_ingot":6,"minecraft:torch":44},"minecraft:custom":{"minecraft:interact_with_furnace":14,"minecraft:mob_kills":33,"minecraft:interact_with_crafting_table":11,"minecraft:leave_game":8,"minecraft:time_since_death":305500,"minecraft:sleep_in_bed":12,"minecraft:time_since_rest":48,"minecraft:sprint_one_cm":741719,"minecraft:damage_taken":2352,"minecraft:walk_one_cm":899305,"minecraft:drop":42,"minecraft:damage_dealt":5617,"minecraft:swim_one_cm":14371,"minecraft:fly_one_cm":259851,"minecraft:open_chest":85,"minecraft:crouch_one_cm":5619,"minecraft:deaths":3,"minecraft:play_time":310951,"minecraft:sneak_time":1679,"minecraft:walk_under_water_one_cm":7068,"minecraft:boat_one_cm":43441,"minecraft:jump":2818,"minecraft:walk_on_water_one_cm":31527,"minecraft:total_world_time":310951,"minecraft:interact_with_smoker":2,"minecraft:horse_one_cm":4059,"minecraft:fall_one_cm":39186},"minecraft:picked_up":{"minecraft:birch_log":6,"minecraft:pink_petals":170,"minecraft:wheat":31,"minecraft:feather":6,"minecraft:cooked_beef":2,"minecraft:chicken":3,"minecraft:cherry_planks":18,"minecraft:cherry_leaves":147,"minecraft:salmon":1,"minecraft:brown_wool":1,"minecraft:flint":1,"minecraft:oak_log":36,"minecraft:gunpowder":1,"minecraft:stripped_birch_log":3,"minecraft:string":4,"minecraft:dirt":541,"minecraft:raw_copper":4,"minecraft:flint_and_steel":1,"minecraft:bone":7,"minecraft:bow":1,"minecraft:diamond_leggings":1,"minecraft:wheat_seeds":151,"minecraft:cobbled_deepslate":5,"minecraft:iron_ingot":10,"minecraft:rose_bush":5,"minecraft:diamond_helmet":1,"minecraft:glowstone_dust":19,"minecraft:cherry_button":1,"minecraft:iron_boots":2,"minecraft:egg":1,"minecraft:golden_helmet":1,"minecraft:stick":42,"minecraft:pumpkin":2,"minecraft:torch":2,"minecraft:dandelion":2,"minecraft:porkchop":3,"minecraft:cherry_log":865,"minecraft:music_disc_11":1,"minecraft:grass_block":1,"minecraft:spider_eye":15,"minecraft:diamond_shovel":1,"minecraft:arrow":7,"minecraft:stone_shovel":1,"minecraft:rotten_flesh":36,"minecraft:diamond_chestplate":1,"minecraft:diamond":11,"minecraft:short_grass":1,"minecraft:shears":1,"minecraft:diamond_axe":1,"minecraft:granite":1,"minecraft:bone_meal":46,"minecraft:cherry_sapling":97,"minecraft:oak_sapling":3,"minecraft:mutton":1,"minecraft:oak_leaves":64,"minecraft:white_wool":4,"minecraft:cobblestone":1,"minecraft:ender_pearl":1},"minecraft:killed_by":{"minecraft:zombie":1,"minecraft:enderman":1}},"DataVersion":3953}