{"stats":{"minecraft:killed_by":{"minecraft:zombie":1},"minecraft:custom":{"minecraft:jump":36,"minecraft:time_since_rest":308,"minecraft:deaths":1,"minecraft:crouch_one_cm":53,"minecraft:sprint_one_cm":6469,"minecraft:leave_game":2,"minecraft:play_time":2347,"minecraft:damage_taken":256,"minecraft:time_since_death":0,"minecraft:walk_one_cm":1873,"minecraft:sneak_time":18,"minecraft:total_world_time":2347,"minecraft:fall_one_cm":1309,"minecraft:fly_one_cm":5373},"minecraft:picked_up":{"minecraft:pink_petals":1}},"DataVersion":3953}