{"stats":{"minecraft:killed":{"minecraft:cave_spider":6,"minecraft:witch":2,"minecraft:spider":55,"minecraft:skeleton":71,"minecraft:silverfish":6,"minecraft:piglin":4,"minecraft:pig":19,"minecraft:zombie_villager":2,"minecraft:salmon":8,"minecraft:creeper":27,"minecraft:zombie":86,"minecraft:ghast":1,"minecraft:stray":41,"minecraft:glow_squid":2,"minecraft:phantom":2,"minecraft:drowned":9,"minecraft:bat":1,"minecraft:breeze":4,"minecraft:enderman":7},"minecraft:dropped":{"minecraft:iron_sword":1,"minecraft:porkchop":34,"minecraft:birch_planks":4,"minecraft:diamond_axe":2,"minecraft:lapis_lazuli":2,"minecraft:oak_log":20,"minecraft:baked_potato":1,"minecraft:glass_bottle":1,"minecraft:diamond":11,"minecraft:honeycomb":1,"minecraft:flint":1,"minecraft:dirt":33,"minecraft:cherry_button":1,"minecraft:bone_meal":47,"minecraft:phantom_membrane":1,"minecraft:sugar":1,"minecraft:iron_pickaxe":1,"minecraft:sugar_cane":14,"minecraft:cherry_stairs":64,"minecraft:cooked_chicken":1,"minecraft:detector_rail":1,"minecraft:cobbled_deepslate":128,"minecraft:birch_sapling":2,"minecraft:cherry_sapling":2,"minecraft:rotten_flesh":22,"minecraft:oak_planks":70,"minecraft:diamond_shovel":4,"minecraft:white_bed":1,"minecraft:tipped_arrow":19,"minecraft:arrow":10,"minecraft:water_bucket":1,"minecraft:wheat_seeds":9,"minecraft:diamond_leggings":2,"minecraft:poisonous_potato":1,"minecraft:cobblestone":11,"minecraft:granite":53,"minecraft:stick":4,"minecraft:diorite":2,"minecraft:brown_wool":1,"minecraft:cherry_planks":22,"minecraft:cooked_salmon":1,"minecraft:diamond_helmet":2,"minecraft:iron_leggings":1,"minecraft:iron_axe":2,"minecraft:string":1,"minecraft:smooth_basalt":153,"minecraft:redstone":6,"minecraft:polished_deepslate":1,"minecraft:polished_diorite":8,"minecraft:oak_trapdoor":10,"minecraft:tuff":17,"minecraft:raw_iron":23,"minecraft:shears":2,"minecraft:flint_and_steel":2,"minecraft:stone":3,"minecraft:trial_key":1,"minecraft:diamond_chestplate":3,"minecraft:diamond_pickaxe":1,"minecraft:iron_chestplate":1,"minecraft:andesite":2,"minecraft:oak_sapling":2,"minecraft:spider_eye":8,"minecraft:diamond_boots":2,"minecraft:birch_boat":1,"minecraft:bow":1,"minecraft:brick":3},"minecraft:broken":{"minecraft:diamond_helmet":1,"minecraft:stone_pickaxe":1,"minecraft:diamond_shovel":1,"minecraft:shield":1,"minecraft:iron_pickaxe":1},"minecraft:used":{"minecraft:polished_deepslate":30,"minecraft:chest":16,"minecraft:shield":112,"minecraft:rotten_flesh":36,"minecraft:lava_bucket":23,"minecraft:birch_sapling":1,"minecraft:cherry_button":2,"minecraft:furnace":6,"minecraft:potato":356,"minecraft:diorite":1,"minecraft:diamond_boots":1,"minecraft:stone_pickaxe":147,"minecraft:wooden_pickaxe":16,"minecraft:diamond_axe":402,"minecraft:crossbow":17,"minecraft:shears":3,"minecraft:sticky_piston":25,"minecraft:lever":4,"minecraft:bread":2,"minecraft:gravel":20,"minecraft:diamond_sword":920,"minecraft:fire_charge":1,"minecraft:andesite":8,"minecraft:bone_meal":164,"minecraft:cobweb":3,"minecraft:oak_trapdoor":9,"minecraft:trident":1,"minecraft:enchanting_table":1,"minecraft:stone_sword":19,"minecraft:redstone":63,"minecraft:cooked_salmon":12,"minecraft:stone_hoe":53,"minecraft:cooked_chicken":3,"minecraft:trial_key":3,"minecraft:torch":113,"minecraft:dirt":2703,"minecraft:polished_diorite":1,"minecraft:iron_hoe":178,"minecraft:iron_axe":22,"minecraft:smooth_basalt":49,"minecraft:cooked_beef":1,"minecraft:cobbled_deepslate":50,"minecraft:cherry_log":10,"minecraft:water_bucket":84,"minecraft:amethyst_block":36,"minecraft:baked_potato":92,"minecraft:birch_boat":14,"minecraft:cobblestone_slab":134,"minecraft:crafting_table":5,"minecraft:magenta_bed":1,"minecraft:white_bed":2,"minecraft:oak_log":1,"minecraft:diamond_pickaxe":2553,"minecraft:diamond_shovel":2713,"minecraft:wind_charge":7,"minecraft:oak_button":2,"minecraft:iron_pickaxe":326,"minecraft:cobblestone":139,"minecraft:potion":1,"minecraft:cooked_porkchop":6,"minecraft:bucket":107,"minecraft:jukebox":1,"minecraft:splash_potion":2},"minecraft:mined":{"minecraft:white_bed":1,"minecraft:farmland":3,"minecraft:cherry_log":266,"minecraft:obsidian":1,"minecraft:granite":27,"minecraft:budding_amethyst":6,"minecraft:grass_block":2343,"minecraft:oak_pressure_plate":1,"minecraft:polished_diorite":1,"minecraft:chiseled_tuff_bricks":4,"minecraft:tuff_bricks":24,"minecraft:spawner":4,"minecraft:glowstone":10,"minecraft:sticky_piston":17,"minecraft:iron_ore":41,"minecraft:fire":1,"minecraft:pumpkin":17,"minecraft:deepslate_lapis_ore":15,"minecraft:azure_bluet":2,"minecraft:dirt_path":4,"minecraft:deepslate_redstone_ore":17,"minecraft:calcite":996,"minecraft:chest":4,"minecraft:nether_quartz_ore":26,"minecraft:cobblestone":171,"minecraft:sugar_cane":7,"minecraft:amethyst_block":68,"minecraft:pink_petals":146,"minecraft:chain":59,"minecraft:waxed_copper_bulb":1,"minecraft:birch_log":33,"minecraft:magenta_bed":1,"minecraft:waxed_copper_block":1,"minecraft:oak_log":14,"minecraft:cherry_button":2,"minecraft:dirt":220,"minecraft:smooth_basalt":198,"minecraft:netherrack":5,"minecraft:oak_leaves":74,"minecraft:deepslate":297,"minecraft:nether_gold_ore":2,"minecraft:tuff":35,"minecraft:deepslate_diamond_ore":90,"minecraft:stripped_birch_log":3,"minecraft:stripped_cherry_log":6,"minecraft:decorated_pot":16,"minecraft:redstone_wire":42,"minecraft:pink_wool":1,"minecraft:vault":1,"minecraft:redstone_ore":5,"minecraft:oak_trapdoor":9,"minecraft:waxed_copper_grate":2,"minecraft:andesite":43,"minecraft:polished_deepslate":1,"minecraft:potatoes":84,"minecraft:cobblestone_slab":58,"minecraft:deepslate_iron_ore":31,"minecraft:stripped_oak_log":1,"minecraft:stone":282,"minecraft:short_grass":265,"minecraft:copper_ore":1,"minecraft:tall_grass":9,"minecraft:lapis_ore":12,"minecraft:deepslate_gold_ore":4,"minecraft:diorite":319,"minecraft:coal_ore":157,"minecraft:cherry_leaves":221,"minecraft:flower_pot":1,"minecraft:gravel":21,"minecraft:cobweb":76,"minecraft:oak_button":1,"minecraft:cherry_sign":1},"minecraft:crafted":{"minecraft:oak_planks":184,"minecraft:cobblestone_slab":144,"minecraft:polished_deepslate_wall":390,"minecraft:birch_boat":2,"minecraft:cooked_chicken":2,"minecraft:stone":2,"minecraft:lever":1,"minecraft:diamond_shovel":4,"minecraft:diamond_helmet":3,"minecraft:diamond_leggings":3,"minecraft:chest":14,"minecraft:oak_button":1,"minecraft:stone_hoe":1,"minecraft:cooked_porkchop":4,"minecraft:diamond_axe":2,"minecraft:crafting_table":5,"minecraft:wooden_pickaxe":1,"minecraft:baked_potato":74,"minecraft:cherry_button":2,"minecraft:sticky_piston":10,"minecraft:oak_wood":3,"minecraft:birch_planks":132,"minecraft:polished_deepslate_slab":102,"minecraft:book":1,"minecraft:iron_chestplate":1,"minecraft:paper":3,"minecraft:diamond_pickaxe":2,"minecraft:shield":1,"minecraft:stick":96,"minecraft:iron_pickaxe":2,"minecraft:iron_ingot":48,"minecraft:stone_sword":1,"minecraft:redstone_torch":6,"minecraft:polished_diorite_stairs":88,"minecraft:shears":2,"minecraft:cherry_planks":722,"minecraft:jukebox":1,"minecraft:polished_deepslate_stairs":140,"minecraft:wind_charge":24,"minecraft:furnace":6,"minecraft:piston":10,"minecraft:bone_meal":321,"minecraft:diamond_block":3,"minecraft:oak_trapdoor":20,"minecraft:flint_and_steel":1,"minecraft:diamond":27,"minecraft:polished_diorite":304,"minecraft:polished_deepslate":496,"minecraft:iron_axe":1,"minecraft:iron_hoe":1,"minecraft:cherry_stairs":396,"minecraft:stone_pickaxe":2,"minecraft:diamond_boots":2,"minecraft:diamond_sword":1,"minecraft:enchanting_table":1,"minecraft:iron_sword":1,"minecraft:cooked_salmon":13,"minecraft:bucket":1,"minecraft:glowstone":7,"minecraft:air":0,"minecraft:cherry_door":12,"minecraft:iron_leggings":1,"minecraft:white_bed":1,"minecraft:torch":144,"minecraft:diamond_chestplate":3},"minecraft:custom":{"minecraft:interact_with_crafting_table":179,"minecraft:open_barrel":3,"minecraft:leave_game":7,"minecraft:time_since_death":616831,"minecraft:sprint_one_cm":1488491,"minecraft:damage_blocked_by_shield":3666,"minecraft:drop":113,"minecraft:play_time":616831,"minecraft:jump":11102,"minecraft:walk_on_water_one_cm":68686,"minecraft:enchant_item":8,"minecraft:interact_with_furnace":126,"minecraft:play_record":2,"minecraft:sleep_in_bed":10,"minecraft:damage_dealt":67201,"minecraft:player_kills":2,"minecraft:crouch_one_cm":163539,"minecraft:inspect_dispenser":22,"minecraft:mob_kills":361,"minecraft:climb_one_cm":9765,"minecraft:walk_one_cm":1888401,"minecraft:sneak_time":33522,"minecraft:walk_under_water_one_cm":59421,"minecraft:boat_one_cm":194542,"minecraft:total_world_time":616831,"minecraft:time_since_rest":64824,"minecraft:damage_taken":3671,"minecraft:swim_one_cm":67586,"minecraft:fly_one_cm":1740637,"minecraft:open_chest":283,"minecraft:fall_one_cm":68599},"minecraft:picked_up":{"minecraft:flower_pot":1,"minecraft:potion":2,"minecraft:amethyst_block":66,"minecraft:polished_deepslate":188,"minecraft:string":119,"minecraft:raw_copper":4,"minecraft:sticky_piston":17,"minecraft:gold_nugget":11,"minecraft:cobbled_deepslate":683,"minecraft:trial_key":4,"minecraft:rose_bush":5,"minecraft:cobblestone_slab":61,"minecraft:calcite":992,"minecraft:wooden_shovel":1,"minecraft:iron_boots":1,"minecraft:tipped_arrow":31,"minecraft:stick":32,"minecraft:torch":1,"minecraft:porkchop":40,"minecraft:cherry_log":358,"minecraft:diorite":318,"minecraft:rotten_flesh":126,"minecraft:honey_bottle":2,"minecraft:obsidian":4,"minecraft:cobblestone":471,"minecraft:birch_log":52,"minecraft:pink_petals":489,"minecraft:feather":2,"minecraft:cooked_beef":1,"minecraft:cherry_planks":14,"minecraft:water_bucket":1,"minecraft:andesite":35,"minecraft:brown_wool":1,"minecraft:potato":452,"minecraft:flint":2,"minecraft:tuff":38,"minecraft:magenta_bed":1,"minecraft:stripped_birch_log":3,"minecraft:dirt":2743,"minecraft:lapis_lazuli":163,"minecraft:bone":119,"minecraft:bow":4,"minecraft:wheat_seeds":67,"minecraft:raw_gold":4,"minecraft:glowstone_dust":29,"minecraft:oak_planks":66,"minecraft:honeycomb":1,"minecraft:poisonous_potato":2,"minecraft:sugar":1,"minecraft:diamond":92,"minecraft:lever":3,"minecraft:cherry_wood":16,"minecraft:crossbow":1,"minecraft:granite":53,"minecraft:breeze_rod":6,"minecraft:bone_meal":1,"minecraft:emerald":12,"minecraft:bread":2,"minecraft:oak_sapling":3,"minecraft:netherrack":28,"minecraft:diamond_pickaxe":1,"minecraft:wooden_pickaxe":1,"minecraft:pink_wool":1,"minecraft:stripped_cherry_log":6,"minecraft:chain":59,"minecraft:shield":1,"minecraft:brick":3,"minecraft:oak_trapdoor":9,"minecraft:iron_axe":1,"minecraft:flint_and_steel":1,"minecraft:cherry_button":2,"minecraft:sugar_cane":17,"minecraft:chest":4,"minecraft:birch_sapling":4,"minecraft:phantom_membrane":1,"minecraft:raw_iron":86,"minecraft:stone":1,"minecraft:cherry_stairs":64,"minecraft:copper_ingot":1,"minecraft:music_disc_11":2,"minecraft:trident":2,"minecraft:carrot":1,"minecraft:redstone":151,"minecraft:arrow":168,"minecraft:diamond_chestplate":1,"minecraft:diamond_boots":1,"minecraft:white_wool":3,"minecraft:stripped_oak_log":1,"minecraft:glow_ink_sac":7,"minecraft:salmon":8,"minecraft:leather":2,"minecraft:birch_planks":6,"minecraft:oak_log":41,"minecraft:gunpowder":23,"minecraft:apple":1,"minecraft:iron_ingot":9,"minecraft:stone_pickaxe":1,"minecraft:cooked_chicken":2,"minecraft:cobweb":3,"minecraft:cherry_sign":1,"minecraft:smooth_basalt":187,"minecraft:birch_boat":14,"minecraft:pumpkin":17,"minecraft:dandelion":6,"minecraft:quartz":24,"minecraft:gravel":20,"minecraft:white_bed":2,"minecraft:spider_eye":13,"minecraft:diamond_shovel":2,"minecraft:pumpkin_seeds":4,"minecraft:stone_axe":1,"minecraft:polished_diorite":1,"minecraft:diamond_axe":1,"minecraft:cherry_sapling":69,"minecraft:oak_button":1,"minecraft:baked_potato":1,"minecraft:coal":156,"minecraft:ender_pearl":5}},"DataVersion":3953}