{"stats":{"minecraft:killed":{"minecraft:witch":2,"minecraft:spider":29,"minecraft:phantom":2,"minecraft:skeleton":39,"minecraft:drowned":9,"minecraft:piglin":4,"minecraft:pig":19,"minecraft:zombie_villager":1,"minecraft:salmon":8,"minecraft:creeper":18,"minecraft:zombie":46,"minecraft:ghast":1,"minecraft:enderman":3},"minecraft:custom":{"minecraft:mob_kills":184,"minecraft:interact_with_crafting_table":103,"minecraft:leave_game":5,"minecraft:time_since_death":317577,"minecraft:sprint_one_cm":694131,"minecraft:walk_one_cm":1062458,"minecraft:damage_blocked_by_shield":2319,"minecraft:drop":50,"minecraft:play_time":317577,"minecraft:sneak_time":31559,"minecraft:walk_under_water_one_cm":29153,"minecraft:boat_one_cm":194542,"minecraft:jump":5929,"minecraft:walk_on_water_one_cm":28189,"minecraft:enchant_item":8,"minecraft:total_world_time":317577,"minecraft:interact_with_furnace":97,"minecraft:sleep_in_bed":8,"minecraft:time_since_rest":43112,"minecraft:damage_taken":2503,"minecraft:damage_dealt":33615,"minecraft:player_kills":2,"minecraft:swim_one_cm":36220,"minecraft:fly_one_cm":929037,"minecraft:open_chest":103,"minecraft:crouch_one_cm":156316,"minecraft:fall_one_cm":68599},"minecraft:used":{"minecraft:trident":1,"minecraft:enchanting_table":1,"minecraft:stone_sword":19,"minecraft:polished_deepslate":30,"minecraft:chest":10,"minecraft:shield":69,"minecraft:cooked_salmon":12,"minecraft:stone_hoe":53,"minecraft:rotten_flesh":15,"minecraft:torch":61,"minecraft:dirt":2553,"minecraft:lava_bucket":22,"minecraft:iron_axe":22,"minecraft:birch_sapling":1,"minecraft:furnace":6,"minecraft:cooked_beef":1,"minecraft:potato":45,"minecraft:cobbled_deepslate":50,"minecraft:water_bucket":12,"minecraft:diamond_boots":1,"minecraft:stone_pickaxe":147,"minecraft:baked_potato":46,"minecraft:wooden_pickaxe":6,"minecraft:birch_boat":14,"minecraft:diamond_axe":261,"minecraft:crafting_table":4,"minecraft:crossbow":17,"minecraft:white_bed":2,"minecraft:shears":3,"minecraft:diamond_pickaxe":376,"minecraft:diamond_shovel":2606,"minecraft:iron_pickaxe":326,"minecraft:diamond_sword":423,"minecraft:cobblestone":10,"minecraft:cooked_porkchop":6,"minecraft:bucket":35,"minecraft:andesite":8,"minecraft:bone_meal":72,"minecraft:cobweb":3},"minecraft:dropped":{"minecraft:iron_sword":1,"minecraft:birch_planks":4,"minecraft:porkchop":34,"minecraft:wheat_seeds":1,"minecraft:lapis_lazuli":2,"minecraft:diamond_axe":2,"minecraft:poisonous_potato":1,"minecraft:diamond_leggings":1,"minecraft:cobblestone":4,"minecraft:granite":52,"minecraft:stick":4,"minecraft:flint":1,"minecraft:dirt":2,"minecraft:cherry_planks":4,"minecraft:cooked_salmon":1,"minecraft:diamond_helmet":1,"minecraft:iron_leggings":1,"minecraft:bone_meal":1,"minecraft:phantom_membrane":1,"minecraft:iron_axe":1,"minecraft:sugar":1,"minecraft:iron_pickaxe":1,"minecraft:redstone":6,"minecraft:cherry_stairs":64,"minecraft:cobbled_deepslate":128,"minecraft:birch_sapling":2,"minecraft:cherry_sapling":1,"minecraft:rotten_flesh":2,"minecraft:diamond_shovel":1,"minecraft:white_bed":1,"minecraft:shears":1,"minecraft:diamond_chestplate":2,"minecraft:iron_chestplate":1,"minecraft:oak_sapling":1,"minecraft:spider_eye":8,"minecraft:bow":1,"minecraft:diamond_boots":2,"minecraft:birch_boat":1,"minecraft:arrow":10},"minecraft:mined":{"minecraft:nether_gold_ore":2,"minecraft:tuff":21,"minecraft:white_bed":1,"minecraft:deepslate_diamond_ore":62,"minecraft:cherry_log":183,"minecraft:obsidian":1,"minecraft:granite":26,"minecraft:grass_block":2250,"minecraft:redstone_ore":5,"minecraft:glowstone":10,"minecraft:iron_ore":36,"minecraft:andesite":31,"minecraft:pumpkin":17,"minecraft:deepslate_lapis_ore":3,"minecraft:azure_bluet":2,"minecraft:polished_deepslate":1,"minecraft:potatoes":33,"minecraft:dirt_path":4,"minecraft:deepslate_iron_ore":4,"minecraft:stone":241,"minecraft:deepslate_redstone_ore":10,"minecraft:short_grass":263,"minecraft:chest":2,"minecraft:cobblestone":67,"minecraft:tall_grass":8,"minecraft:copper_ore":1,"minecraft:nether_quartz_ore":26,"minecraft:lapis_ore":12,"minecraft:sugar_cane":7,"minecraft:diorite":11,"minecraft:pink_petals":141,"minecraft:birch_log":33,"minecraft:oak_log":10,"minecraft:coal_ore":88,"minecraft:cherry_leaves":196,"minecraft:dirt":183,"minecraft:cobweb":3,"minecraft:netherrack":5,"minecraft:cherry_sign":1,"minecraft:oak_leaves":74,"minecraft:deepslate":189},"minecraft:crafted":{"minecraft:cherry_planks":690,"minecraft:oak_planks":48,"minecraft:birch_boat":2,"minecraft:furnace":6,"minecraft:bone_meal":72,"minecraft:diamond_shovel":3,"minecraft:diamond_block":3,"minecraft:diamond":27,"minecraft:diamond_helmet":2,"minecraft:diamond_leggings":2,"minecraft:iron_axe":1,"minecraft:cherry_stairs":372,"minecraft:stone_pickaxe":2,"minecraft:chest":9,"minecraft:diamond_boots":2,"minecraft:stone_hoe":1,"minecraft:diamond_sword":1,"minecraft:cooked_porkchop":4,"minecraft:diamond_axe":2,"minecraft:crafting_table":4,"minecraft:enchanting_table":1,"minecraft:wooden_pickaxe":1,"minecraft:baked_potato":64,"minecraft:iron_sword":1,"minecraft:cooked_salmon":13,"minecraft:bucket":1,"minecraft:oak_wood":3,"minecraft:birch_planks":132,"minecraft:air":0,"minecraft:iron_chestplate":1,"minecraft:book":1,"minecraft:paper":3,"minecraft:diamond_pickaxe":1,"minecraft:shield":1,"minecraft:stick":64,"minecraft:iron_ingot":31,"minecraft:iron_pickaxe":2,"minecraft:stone_sword":1,"minecraft:iron_leggings":1,"minecraft:white_bed":1,"minecraft:torch":144,"minecraft:shears":1,"minecraft:diamond_chestplate":2},"minecraft:broken":{"minecraft:stone_pickaxe":1,"minecraft:diamond_shovel":1,"minecraft:iron_pickaxe":1},"minecraft:picked_up":{"minecraft:wooden_pickaxe":1,"minecraft:polished_deepslate":65,"minecraft:string":20,"minecraft:raw_copper":4,"minecraft:gold_nugget":11,"minecraft:cobbled_deepslate":189,"minecraft:sugar_cane":17,"minecraft:chest":2,"minecraft:birch_sapling":4,"minecraft:phantom_membrane":1,"minecraft:stick":28,"minecraft:raw_iron":40,"minecraft:cherry_stairs":64,"minecraft:copper_ingot":1,"minecraft:porkchop":40,"minecraft:cherry_log":268,"minecraft:diorite":11,"minecraft:trident":2,"minecraft:redstone":64,"minecraft:diamond_chestplate":1,"minecraft:arrow":52,"minecraft:rotten_flesh":49,"minecraft:diamond_boots":1,"minecraft:obsidian":4,"minecraft:white_wool":3,"minecraft:cobblestone":328,"minecraft:birch_log":52,"minecraft:pink_petals":439,"minecraft:cooked_beef":1,"minecraft:cherry_planks":6,"minecraft:andesite":33,"minecraft:salmon":8,"minecraft:leather":2,"minecraft:potato":116,"minecraft:birch_planks":6,"minecraft:flint":1,"minecraft:tuff":21,"minecraft:oak_log":13,"minecraft:gunpowder":17,"minecraft:lapis_lazuli":82,"minecraft:dirt":2571,"minecraft:bone":44,"minecraft:apple":1,"minecraft:bow":3,"minecraft:wheat_seeds":51,"minecraft:iron_ingot":1,"minecraft:stone_pickaxe":1,"minecraft:cobweb":3,"minecraft:cherry_sign":1,"minecraft:glowstone_dust":29,"minecraft:birch_boat":14,"minecraft:pumpkin":17,"minecraft:quartz":24,"minecraft:dandelion":6,"minecraft:poisonous_potato":1,"minecraft:white_bed":2,"minecraft:spider_eye":8,"minecraft:sugar":1,"minecraft:diamond":64,"minecraft:stone_axe":1,"minecraft:cherry_wood":16,"minecraft:crossbow":1,"minecraft:granite":52,"minecraft:diamond_axe":1,"minecraft:cherry_sapling":64,"minecraft:bone_meal":1,"minecraft:oak_sapling":2,"minecraft:netherrack":28,"minecraft:coal":88,"minecraft:ender_pearl":1}},"DataVersion":3953}