{"stats":{"minecraft:crafted":{"minecraft:smooth_stone":64,"minecraft:oak_planks":1172,"minecraft:cobblestone_slab":6,"minecraft:birch_boat":2,"minecraft:stone":76,"minecraft:diamond_shovel":2,"minecraft:cooked_mutton":10,"minecraft:quartz_block":54,"minecraft:glass":359,"minecraft:stone_brick_slab":18,"minecraft:diamond_helmet":3,"minecraft:diamond_leggings":3,"minecraft:iron_boots":1,"minecraft:chest":40,"minecraft:chiseled_stone_bricks":8,"minecraft:stone_bricks":12,"minecraft:oak_fence":21,"minecraft:polished_diorite_slab":12,"minecraft:smoker":2,"minecraft:redstone_lamp":6,"minecraft:cooked_porkchop":9,"minecraft:diamond_axe":2,"minecraft:crafting_table":13,"minecraft:wooden_pickaxe":1,"minecraft:iron_helmet":1,"minecraft:birch_planks":152,"minecraft:polished_deepslate_slab":66,"minecraft:book":1,"minecraft:iron_chestplate":1,"minecraft:paper":12,"minecraft:diamond_pickaxe":10,"minecraft:shield":3,"minecraft:stick":436,"minecraft:iron_ingot":250,"minecraft:iron_pickaxe":2,"minecraft:stone_sword":1,"minecraft:gold_ingot":28,"minecraft:redstone_torch":6,"minecraft:netherite_ingot":10,"minecraft:polished_diorite_stairs":144,"minecraft:deepslate_bricks":284,"minecraft:cherry_planks":176,"minecraft:wooden_sword":1,"minecraft:oak_door":12,"minecraft:stone_shovel":1,"minecraft:smooth_stone_slab":6,"minecraft:jukebox":1,"minecraft:iron_nugget":495,"minecraft:polished_deepslate_stairs":40,"minecraft:furnace":13,"minecraft:blast_furnace":2,"minecraft:bone_meal":6,"minecraft:oak_trapdoor":2,"minecraft:flint_and_steel":2,"minecraft:lantern":60,"minecraft:polished_diorite":1820,"minecraft:polished_deepslate":1384,"minecraft:iron_axe":1,"minecraft:ladder":102,"minecraft:iron_hoe":1,"minecraft:stone_pickaxe":2,"minecraft:cobblestone_wall":18,"minecraft:diamond_boots":3,"minecraft:netherite_scrap":52,"minecraft:cooked_beef":1,"minecraft:diamond_sword":2,"minecraft:enchanting_table":1,"minecraft:blue_bed":2,"minecraft:polished_granite":124,"minecraft:cooked_salmon":13,"minecraft:bucket":5,"minecraft:deepslate_tiles":56,"minecraft:glowstone":6,"minecraft:lodestone":1,"minecraft:air":0,"minecraft:blue_dye":6,"minecraft:oak_fence_gate":1,"minecraft:warped_fungus_on_a_stick":1,"minecraft:blue_wool":6,"minecraft:iron_shovel":1,"minecraft:iron_leggings":1,"minecraft:armor_stand":6,"minecraft:torch":320,"minecraft:diamond_chestplate":3},"minecraft:mined":{"minecraft:white_bed":2,"minecraft:cobblestone_stairs":14,"minecraft:obsidian":35,"minecraft:granite":360,"minecraft:grass_block":82,"minecraft:deepslate_bricks":19,"minecraft:polished_diorite":88,"minecraft:crimson_fungus":1,"minecraft:oxeye_daisy":1,"minecraft:nether_wart":37,"minecraft:spawner":2,"minecraft:tall_seagrass":6,"minecraft:weeping_vines_plant":1,"minecraft:magma_block":8,"minecraft:glowstone":24,"minecraft:cobbled_deepslate":6,"minecraft:iron_ore":212,"minecraft:fire":28,"minecraft:deepslate_lapis_ore":3,"minecraft:polished_deepslate_slab":2,"minecraft:deepslate_redstone_ore":5,"minecraft:quartz_block":1,"minecraft:blackstone":43,"minecraft:kelp_plant":7,"minecraft:polished_deepslate_stairs":8,"minecraft:crimson_nylium":3,"minecraft:torch":35,"minecraft:poppy":3,"minecraft:chest":5,"minecraft:polished_diorite_slab":2,"minecraft:nether_quartz_ore":205,"minecraft:glass":6,"minecraft:cobblestone":284,"minecraft:oak_planks":116,"minecraft:wall_torch":60,"minecraft:pink_petals":2,"minecraft:seagrass":6,"minecraft:polished_diorite_stairs":1,"minecraft:warped_nylium":5,"minecraft:nether_wart_block":2,"minecraft:birch_log":27,"minecraft:wheat":113,"minecraft:cherry_door":3,"minecraft:warped_fungus":6,"minecraft:oak_log":330,"minecraft:sand":270,"minecraft:dirt":952,"minecraft:ancient_debris":52,"minecraft:netherrack":1579,"minecraft:oak_leaves":53,"minecraft:deepslate":1476,"minecraft:nether_gold_ore":2,"minecraft:deepslate_tiles":6,"minecraft:tuff":153,"minecraft:deepslate_diamond_ore":176,"minecraft:oak_door":13,"minecraft:nether_bricks":4,"minecraft:ladder":5,"minecraft:kelp":20,"minecraft:cherry_wall_sign":1,"minecraft:redstone_ore":2,"minecraft:furnace":1,"minecraft:andesite":247,"minecraft:gold_block":1,"minecraft:nether_brick_fence":1,"minecraft:polished_deepslate":142,"minecraft:potatoes":1,"minecraft:deepslate_iron_ore":75,"minecraft:lantern":10,"minecraft:stone":6610,"minecraft:soul_sand":40,"minecraft:basalt":59,"minecraft:polished_granite":9,"minecraft:crafting_table":4,"minecraft:cornflower":5,"minecraft:short_grass":148,"minecraft:warped_roots":2,"minecraft:rose_bush":1,"minecraft:tall_grass":52,"minecraft:copper_ore":50,"minecraft:deepslate_gold_ore":28,"minecraft:lapis_ore":5,"minecraft:sculk":1,"minecraft:diorite":1565,"minecraft:birch_planks":1,"minecraft:cobblestone_wall":1,"minecraft:sea_pickle":4,"minecraft:birch_leaves":1,"minecraft:coal_ore":437,"minecraft:gravel":202},"minecraft:killed_by":{"minecraft:zombie":1},"minecraft:used":{"minecraft:nether_brick_fence":1,"minecraft:iron_shovel":30,"minecraft:polished_deepslate":954,"minecraft:ladder":102,"minecraft:chest":46,"minecraft:shield":84,"minecraft:iron_chestplate":1,"minecraft:mutton":9,"minecraft:nether_bricks":4,"minecraft:tuff":3,"minecraft:obsidian":26,"minecraft:polished_deepslate_stairs":41,"minecraft:glass":385,"minecraft:lava_bucket":44,"minecraft:grass_block":15,"minecraft:lantern":70,"minecraft:quartz_block":51,"minecraft:warped_nylium":1,"minecraft:redstone_lamp":6,"minecraft:furnace":9,"minecraft:polished_diorite_stairs":120,"minecraft:diorite":2,"minecraft:warped_fungus_on_a_stick":9,"minecraft:stone_pickaxe":142,"minecraft:oak_planks":698,"minecraft:polished_diorite_slab":13,"minecraft:wooden_pickaxe":25,"minecraft:diamond_axe":515,"minecraft:blue_bed":2,"minecraft:sand":4,"minecraft:blast_furnace":2,"minecraft:deepslate_tiles":58,"minecraft:redstone_torch":6,"minecraft:bread":46,"minecraft:polished_granite":84,"minecraft:gravel":1,"minecraft:diamond_sword":838,"minecraft:wooden_sword":33,"minecraft:andesite":14,"minecraft:bone_meal":6,"minecraft:oak_fence":19,"minecraft:oak_trapdoor":1,"minecraft:enchanting_table":1,"minecraft:stone_sword":24,"minecraft:flint_and_steel":7,"minecraft:armor_stand":6,"minecraft:stone_shovel":138,"minecraft:cooked_salmon":13,"minecraft:netherrack":385,"minecraft:oak_door":20,"minecraft:torch":439,"minecraft:dirt":1119,"minecraft:cobblestone_wall":6,"minecraft:granite":13,"minecraft:oak_fence_gate":1,"minecraft:polished_diorite":1638,"minecraft:iron_hoe":213,"minecraft:bookshelf":23,"minecraft:basalt":2,"minecraft:cooked_beef":103,"minecraft:cobbled_deepslate":27,"minecraft:wheat_seeds":154,"minecraft:cooked_mutton":9,"minecraft:water_bucket":44,"minecraft:cobblestone_stairs":1,"minecraft:birch_planks":1,"minecraft:baked_potato":1,"minecraft:birch_boat":3,"minecraft:cobblestone_slab":4,"minecraft:deepslate_bricks":73,"minecraft:salmon":7,"minecraft:polished_deepslate_slab":67,"minecraft:rail":1,"minecraft:crafting_table":16,"minecraft:white_bed":1,"minecraft:smoker":2,"minecraft:diamond_pickaxe":13744,"minecraft:diamond_shovel":817,"minecraft:cherry_door":2,"minecraft:chicken":1,"minecraft:iron_pickaxe":250,"minecraft:pink_petals":1,"minecraft:cobblestone":2176,"minecraft:cooked_porkchop":6,"minecraft:bucket":88,"minecraft:sea_pickle":74,"minecraft:kelp":10,"minecraft:jukebox":1},"minecraft:picked_up":{"minecraft:iron_chestplate":1,"minecraft:wheat":86,"minecraft:nether_brick_fence":1,"minecraft:diamond_sword":5,"minecraft:polished_deepslate":174,"minecraft:string":6,"minecraft:raw_copper":240,"minecraft:iron_leggings":1,"minecraft:sea_pickle":4,"minecraft:diamond_leggings":2,"minecraft:deepslate_tiles":6,"minecraft:gold_nugget":54,"minecraft:cobbled_deepslate":1693,"minecraft:rose_bush":1,"minecraft:iron_pickaxe":2,"minecraft:furnace":1,"minecraft:iron_boots":2,"minecraft:stick":42,"minecraft:polished_deepslate_stairs":8,"minecraft:torch":254,"minecraft:porkchop":9,"minecraft:cherry_log":163,"minecraft:diorite":1531,"minecraft:quartz_block":2,"minecraft:rotten_flesh":38,"minecraft:blaze_rod":14,"minecraft:obsidian":39,"minecraft:cobblestone":6680,"minecraft:birch_log":49,"minecraft:pink_petals":71,"minecraft:magma_block":10,"minecraft:polished_diorite_slab":3,"minecraft:cooked_beef":13,"minecraft:cherry_planks":8,"minecraft:andesite":247,"minecraft:potato":6,"minecraft:flint":22,"minecraft:tuff":153,"minecraft:lapis_lazuli":46,"minecraft:cherry_door":5,"minecraft:dirt":1077,"minecraft:lantern":10,"minecraft:polished_granite":9,"minecraft:glass":38,"minecraft:bone":20,"minecraft:bow":5,"minecraft:wheat_seeds":299,"minecraft:raw_gold":28,"minecraft:diamond_helmet":5,"minecraft:glowstone_dust":80,"minecraft:oak_planks":120,"minecraft:poisonous_potato":128,"minecraft:sand":270,"minecraft:grass_block":3,"minecraft:diamond":230,"minecraft:bone_meal":10,"minecraft:granite":375,"minecraft:bread":11,"minecraft:oak_sapling":41,"minecraft:netherrack":1570,"minecraft:crimson_roots":2,"minecraft:diamond_pickaxe":8,"minecraft:fishing_rod":1,"minecraft:crafting_table":6,"minecraft:nether_wart":45,"minecraft:chicken":1,"minecraft:ladder":42,"minecraft:gold_block":1,"minecraft:stripped_cherry_log":1,"minecraft:shield":4,"minecraft:cornflower":5,"minecraft:iron_axe":2,"minecraft:compass":1,"minecraft:blackstone":43,"minecraft:music_disc_otherside":1,"minecraft:beef":1,"minecraft:iron_nugget":39,"minecraft:poppy":2,"minecraft:sugar_cane":14,"minecraft:chest":8,"minecraft:birch_sapling":4,"minecraft:cherry_trapdoor":2,"minecraft:egg":1,"minecraft:raw_iron":287,"minecraft:polished_deepslate_slab":2,"minecraft:oak_door":22,"minecraft:redstone":31,"minecraft:arrow":17,"minecraft:weeping_vines":2,"minecraft:diamond_chestplate":4,"minecraft:nether_bricks":4,"minecraft:diamond_boots":4,"minecraft:shears":1,"minecraft:deepslate_bricks":147,"minecraft:mutton":33,"minecraft:rail":1,"minecraft:white_wool":25,"minecraft:oxeye_daisy":1,"minecraft:basalt":31,"minecraft:glow_ink_sac":3,"minecraft:salmon":34,"minecraft:leather":5,"minecraft:birch_planks":4,"minecraft:crimson_fungus":1,"minecraft:oak_log":328,"minecraft:ancient_debris":52,"minecraft:nether_wart_block":2,"minecraft:cobblestone_wall":1,"minecraft:cobblestone_stairs":31,"minecraft:apple":5,"minecraft:kelp":35,"minecraft:iron_ingot":44,"minecraft:stone_pickaxe":2,"minecraft:cherry_sign":2,"minecraft:iron_sword":3,"minecraft:soul_sand":40,"minecraft:warped_fungus":7,"minecraft:birch_boat":4,"minecraft:quartz":222,"minecraft:gravel":242,"minecraft:white_bed":1,"minecraft:spider_eye":1,"minecraft:polished_diorite_stairs":1,"minecraft:diamond_shovel":4,"minecraft:polished_diorite":90,"minecraft:diamond_axe":4,"minecraft:cherry_sapling":5,"minecraft:gray_wool":2,"minecraft:warped_roots":9,"minecraft:baked_potato":1,"minecraft:warped_nylium":11,"minecraft:coal":466,"minecraft:ender_pearl":16},"minecraft:broken":{"minecraft:stone_pickaxe":1,"minecraft:diamond_pickaxe":7,"minecraft:stone_shovel":1,"minecraft:iron_pickaxe":1},"minecraft:dropped":{"minecraft:iron_sword":1,"minecraft:birch_planks":21,"minecraft:diamond_axe":4,"minecraft:cooked_beef":22,"minecraft:diamond":15,"minecraft:crafting_table":1,"minecraft:cooked_porkchop":3,"minecraft:leather":2,"minecraft:flint":2,"minecraft:dirt":33,"minecraft:mutton":1,"minecraft:gold_nugget":7,"minecraft:bone_meal":4,"minecraft:iron_pickaxe":1,"minecraft:bone":3,"minecraft:oak_door":8,"minecraft:gravel":77,"minecraft:iron_nugget":4,"minecraft:cobbled_deepslate":413,"minecraft:wheat":4,"minecraft:obsidian":5,"minecraft:rotten_flesh":4,"minecraft:oak_planks":2,"minecraft:diamond_shovel":2,"minecraft:salmon":3,"minecraft:netherrack":964,"minecraft:bread":21,"minecraft:iron_ingot":10,"minecraft:wheat_seeds":37,"minecraft:cherry_log":54,"minecraft:diamond_leggings":1,"minecraft:poisonous_potato":64,"minecraft:cobblestone":152,"minecraft:granite":12,"minecraft:coal":4,"minecraft:stick":10,"minecraft:torch":65,"minecraft:rose_bush":1,"minecraft:cherry_planks":134,"minecraft:diamond_helmet":3,"minecraft:iron_axe":2,"minecraft:iron_shovel":1,"minecraft:bucket":1,"minecraft:polished_deepslate":186,"minecraft:polished_diorite":44,"minecraft:raw_copper":54,"minecraft:polished_deepslate_slab":1,"minecraft:iron_boots":1,"minecraft:diamond_sword":4,"minecraft:potato":1,"minecraft:shield":2,"minecraft:diamond_chestplate":1,"minecraft:diamond_pickaxe":8,"minecraft:andesite":18,"minecraft:diamond_boots":1,"minecraft:birch_boat":2,"minecraft:bow":1,"minecraft:stone_pickaxe":2,"minecraft:wooden_pickaxe":1},"minecraft:killed":{"minecraft:zombified_piglin":1,"minecraft:spider":10,"minecraft:skeleton":29,"minecraft:chicken":1,"minecraft:magma_cube":105,"minecraft:piglin":14,"minecraft:pig":5,"minecraft:salmon":32,"minecraft:strider":2,"minecraft:creeper":2,"minecraft:sheep":25,"minecraft:zombie":37,"minecraft:blaze":25,"minecraft:cow":1,"minecraft:drowned":2,"minecraft:wither_skeleton":1,"minecraft:enderman":29},"minecraft:custom":{"minecraft:animals_bred":15,"minecraft:interact_with_crafting_table":147,"minecraft:leave_game":22,"minecraft:time_since_death":457289,"minecraft:sprint_one_cm":2949872,"minecraft:damage_blocked_by_shield":3031,"minecraft:drop":244,"minecraft:play_time":1914801,"minecraft:deaths":1,"minecraft:jump":15787,"minecraft:walk_on_water_one_cm":247495,"minecraft:interact_with_furnace":137,"minecraft:play_record":1,"minecraft:sleep_in_bed":11,"minecraft:damage_dealt":42439,"minecraft:player_kills":2,"minecraft:crouch_one_cm":811041,"minecraft:interact_with_smoker":20,"minecraft:mob_kills":330,"minecraft:climb_one_cm":130227,"minecraft:walk_one_cm":5190130,"minecraft:strider_one_cm":1068016,"minecraft:sneak_time":227387,"minecraft:walk_under_water_one_cm":505094,"minecraft:boat_one_cm":633269,"minecraft:interact_with_blast_furnace":9,"minecraft:total_world_time":1914801,"minecraft:time_since_rest":6238,"minecraft:damage_taken":8259,"minecraft:swim_one_cm":306071,"minecraft:fly_one_cm":1757501,"minecraft:open_chest":694,"minecraft:fall_one_cm":232748}},"DataVersion":3953}