{"stats":{"minecraft:crafted":{"minecraft:smooth_stone":64,"minecraft:oak_planks":1172,"minecraft:cobblestone_slab":6,"minecraft:oak_sign":3,"minecraft:birch_boat":2,"minecraft:loom":1,"minecraft:stone":76,"minecraft:diamond_shovel":2,"minecraft:flower_banner_pattern":1,"minecraft:cooked_mutton":22,"minecraft:quartz_block":54,"minecraft:glass":359,"minecraft:stone_brick_slab":18,"minecraft:diamond_helmet":3,"minecraft:diamond_leggings":3,"minecraft:iron_boots":1,"minecraft:chest":41,"minecraft:chiseled_stone_bricks":8,"minecraft:stone_bricks":12,"minecraft:oak_fence":21,"minecraft:polished_diorite_slab":18,"minecraft:smoker":2,"minecraft:white_banner":5,"minecraft:redstone_lamp":6,"minecraft:cooked_porkchop":9,"minecraft:diamond_axe":2,"minecraft:crafting_table":14,"minecraft:wooden_pickaxe":1,"minecraft:iron_helmet":1,"minecraft:birch_planks":152,"minecraft:polished_deepslate_slab":66,"minecraft:cartography_table":1,"minecraft:purple_dye":10,"minecraft:book":1,"minecraft:iron_chestplate":1,"minecraft:paper":12,"minecraft:diamond_pickaxe":10,"minecraft:shield":7,"minecraft:stick":452,"minecraft:iron_ingot":251,"minecraft:iron_pickaxe":2,"minecraft:stone_sword":1,"minecraft:gold_ingot":28,"minecraft:redstone_torch":6,"minecraft:netherite_ingot":10,"minecraft:polished_diorite_stairs":144,"minecraft:deepslate_bricks":284,"minecraft:shears":1,"minecraft:cherry_planks":192,"minecraft:wooden_sword":1,"minecraft:oak_door":12,"minecraft:stone_shovel":1,"minecraft:smooth_stone_slab":6,"minecraft:jukebox":1,"minecraft:iron_nugget":567,"minecraft:polished_deepslate_stairs":40,"minecraft:furnace":13,"minecraft:blast_furnace":2,"minecraft:bone_meal":30,"minecraft:oak_trapdoor":2,"minecraft:flint_and_steel":2,"minecraft:lantern":67,"minecraft:polished_diorite":1820,"minecraft:polished_deepslate":1384,"minecraft:iron_axe":1,"minecraft:ladder":102,"minecraft:iron_hoe":1,"minecraft:stone_pickaxe":2,"minecraft:cobblestone_wall":18,"minecraft:diamond_boots":3,"minecraft:netherite_scrap":52,"minecraft:cooked_beef":1,"minecraft:red_dye":28,"minecraft:diamond_sword":2,"minecraft:enchanting_table":1,"minecraft:blue_bed":2,"minecraft:polished_granite":124,"minecraft:cooked_salmon":13,"minecraft:bucket":5,"minecraft:deepslate_tiles":56,"minecraft:glowstone":6,"minecraft:lodestone":1,"minecraft:bread":8,"minecraft:air":0,"minecraft:blue_dye":24,"minecraft:oak_fence_gate":1,"minecraft:white_dye":24,"minecraft:warped_fungus_on_a_stick":1,"minecraft:blue_wool":6,"minecraft:iron_shovel":1,"minecraft:iron_leggings":1,"minecraft:armor_stand":6,"minecraft:torch":372,"minecraft:diamond_chestplate":3},"minecraft:mined":{"minecraft:white_bed":2,"minecraft:farmland":1,"minecraft:cobblestone_stairs":14,"minecraft:obsidian":35,"minecraft:granite":360,"minecraft:grass_block":82,"minecraft:cracked_polished_blackstone_bricks":6,"minecraft:soul_soil":2,"minecraft:deepslate_bricks":19,"minecraft:polished_diorite":90,"minecraft:crimson_fungus":1,"minecraft:oxeye_daisy":1,"minecraft:nether_wart":37,"minecraft:spawner":2,"minecraft:polished_blackstone_bricks":4,"minecraft:tall_seagrass":6,"minecraft:weeping_vines_plant":1,"minecraft:magma_block":8,"minecraft:glowstone":24,"minecraft:cobbled_deepslate":6,"minecraft:iron_ore":212,"minecraft:fire":28,"minecraft:deepslate_lapis_ore":3,"minecraft:polished_deepslate_slab":2,"minecraft:deepslate_redstone_ore":5,"minecraft:quartz_block":1,"minecraft:blackstone":43,"minecraft:soul_fire":5,"minecraft:kelp_plant":7,"minecraft:polished_deepslate_stairs":8,"minecraft:crimson_nylium":9,"minecraft:torch":35,"minecraft:poppy":29,"minecraft:chest":5,"minecraft:polished_diorite_slab":4,"minecraft:nether_quartz_ore":205,"minecraft:glass":6,"minecraft:cobblestone":285,"minecraft:oak_planks":116,"minecraft:wall_torch":62,"minecraft:pink_petals":2,"minecraft:seagrass":6,"minecraft:polished_diorite_stairs":1,"minecraft:warped_nylium":8,"minecraft:nether_wart_block":2,"minecraft:birch_log":27,"minecraft:wheat":113,"minecraft:cherry_door":3,"minecraft:warped_fungus":20,"minecraft:oak_log":330,"minecraft:sand":270,"minecraft:dirt":952,"minecraft:ancient_debris":52,"minecraft:netherrack":1689,"minecraft:oak_leaves":53,"minecraft:deepslate":1476,"minecraft:nether_gold_ore":2,"minecraft:deepslate_tiles":6,"minecraft:tuff":153,"minecraft:deepslate_diamond_ore":176,"minecraft:oak_door":13,"minecraft:nether_bricks":4,"minecraft:ladder":5,"minecraft:kelp":20,"minecraft:cherry_wall_sign":1,"minecraft:redstone_ore":2,"minecraft:furnace":1,"minecraft:andesite":247,"minecraft:gold_block":2,"minecraft:nether_brick_fence":1,"minecraft:polished_deepslate":142,"minecraft:potatoes":1,"minecraft:deepslate_iron_ore":75,"minecraft:lantern":11,"minecraft:stone":6610,"minecraft:soul_sand":40,"minecraft:basalt":64,"minecraft:polished_granite":9,"minecraft:crafting_table":4,"minecraft:cornflower":5,"minecraft:short_grass":150,"minecraft:warped_roots":2,"minecraft:rose_bush":1,"minecraft:tall_grass":52,"minecraft:copper_ore":50,"minecraft:deepslate_gold_ore":28,"minecraft:lapis_ore":5,"minecraft:polished_blackstone_brick_stairs":1,"minecraft:sculk":1,"minecraft:diorite":1565,"minecraft:warped_wart_block":2,"minecraft:birch_planks":1,"minecraft:cobblestone_wall":1,"minecraft:sea_pickle":4,"minecraft:birch_leaves":1,"minecraft:coal_ore":437,"minecraft:gravel":202,"minecraft:lodestone":1},"minecraft:killed_by":{"minecraft:zombie":1},"minecraft:used":{"minecraft:nether_brick_fence":1,"minecraft:iron_shovel":30,"minecraft:polished_deepslate":954,"minecraft:oak_sign":1,"minecraft:ladder":102,"minecraft:chest":47,"minecraft:shield":90,"minecraft:iron_chestplate":1,"minecraft:mutton":9,"minecraft:nether_bricks":4,"minecraft:tuff":3,"minecraft:obsidian":26,"minecraft:polished_deepslate_stairs":41,"minecraft:glass":387,"minecraft:lava_bucket":44,"minecraft:grass_block":15,"minecraft:lantern":76,"minecraft:quartz_block":51,"minecraft:warped_nylium":1,"minecraft:redstone_lamp":6,"minecraft:bow":6,"minecraft:furnace":9,"minecraft:polished_diorite_stairs":121,"minecraft:diorite":2,"minecraft:warped_fungus_on_a_stick":31,"minecraft:stone_pickaxe":142,"minecraft:oak_planks":698,"minecraft:polished_diorite_slab":15,"minecraft:wooden_pickaxe":25,"minecraft:diamond_axe":515,"minecraft:blue_bed":2,"minecraft:sand":4,"minecraft:loom":1,"minecraft:blast_furnace":2,"minecraft:crossbow":20,"minecraft:deepslate_tiles":58,"minecraft:redstone_torch":6,"minecraft:bread":50,"minecraft:polished_granite":84,"minecraft:gravel":1,"minecraft:diamond_sword":1024,"minecraft:wooden_sword":33,"minecraft:andesite":14,"minecraft:compass":2,"minecraft:bone_meal":6,"minecraft:oak_fence":19,"minecraft:oak_trapdoor":1,"minecraft:enchanting_table":1,"minecraft:stone_sword":24,"minecraft:flint_and_steel":7,"minecraft:armor_stand":6,"minecraft:stone_shovel":138,"minecraft:cooked_salmon":13,"minecraft:netherrack":517,"minecraft:oak_door":20,"minecraft:torch":473,"minecraft:dirt":1119,"minecraft:cobblestone_wall":6,"minecraft:granite":13,"minecraft:oak_fence_gate":1,"minecraft:polished_diorite":1640,"minecraft:iron_hoe":213,"minecraft:bookshelf":23,"minecraft:polished_blackstone_brick_stairs":1,"minecraft:basalt":7,"minecraft:soul_soil":1,"minecraft:cooked_beef":110,"minecraft:cobbled_deepslate":27,"minecraft:enchanted_golden_apple":1,"minecraft:wheat_seeds":154,"minecraft:cooked_mutton":14,"minecraft:water_bucket":46,"minecraft:cobblestone_stairs":1,"minecraft:lodestone":2,"minecraft:birch_planks":1,"minecraft:baked_potato":1,"minecraft:cartography_table":1,"minecraft:birch_boat":3,"minecraft:cobblestone_slab":4,"minecraft:deepslate_bricks":73,"minecraft:polished_blackstone_bricks":6,"minecraft:salmon":7,"minecraft:polished_deepslate_slab":67,"minecraft:rail":1,"minecraft:crafting_table":17,"minecraft:white_bed":1,"minecraft:smoker":2,"minecraft:diamond_pickaxe":13891,"minecraft:diamond_shovel":817,"minecraft:cherry_door":2,"minecraft:cracked_polished_blackstone_bricks":6,"minecraft:chicken":1,"minecraft:iron_pickaxe":250,"minecraft:pink_petals":1,"minecraft:cobblestone":2177,"minecraft:white_banner":2,"minecraft:cooked_porkchop":6,"minecraft:bucket":90,"minecraft:sea_pickle":74,"minecraft:kelp":10,"minecraft:jukebox":1},"minecraft:picked_up":{"minecraft:iron_chestplate":1,"minecraft:wheat":86,"minecraft:nether_brick_fence":1,"minecraft:diamond_sword":5,"minecraft:polished_deepslate":174,"minecraft:polished_blackstone_brick_stairs":1,"minecraft:string":10,"minecraft:soul_soil":1,"minecraft:raw_copper":240,"minecraft:iron_leggings":1,"minecraft:sea_pickle":4,"minecraft:diamond_leggings":2,"minecraft:deepslate_tiles":6,"minecraft:gold_nugget":54,"minecraft:cobbled_deepslate":1693,"minecraft:rose_bush":1,"minecraft:iron_pickaxe":2,"minecraft:furnace":1,"minecraft:iron_boots":2,"minecraft:golden_helmet":1,"minecraft:stick":42,"minecraft:polished_deepslate_stairs":8,"minecraft:torch":257,"minecraft:porkchop":17,"minecraft:cherry_log":163,"minecraft:diorite":1531,"minecraft:quartz_block":2,"minecraft:rotten_flesh":39,"minecraft:blaze_rod":14,"minecraft:obsidian":39,"minecraft:cobblestone":6681,"minecraft:birch_log":49,"minecraft:pink_petals":71,"minecraft:magma_block":10,"minecraft:polished_diorite_slab":5,"minecraft:cooked_beef":13,"minecraft:cherry_planks":8,"minecraft:andesite":247,"minecraft:potato":6,"minecraft:flint":22,"minecraft:tuff":153,"minecraft:lapis_lazuli":66,"minecraft:cherry_door":5,"minecraft:dirt":1077,"minecraft:lantern":12,"minecraft:polished_granite":9,"minecraft:glass":38,"minecraft:bone":23,"minecraft:bow":6,"minecraft:wheat_seeds":306,"minecraft:raw_gold":28,"minecraft:diamond_helmet":5,"minecraft:glowstone_dust":80,"minecraft:oak_planks":120,"minecraft:warped_wart_block":2,"minecraft:poisonous_potato":128,"minecraft:sand":270,"minecraft:grass_block":3,"minecraft:diamond":230,"minecraft:cracked_polished_blackstone_bricks":6,"minecraft:crossbow":1,"minecraft:bone_meal":10,"minecraft:granite":375,"minecraft:bread":11,"minecraft:oak_sapling":41,"minecraft:netherrack":1708,"minecraft:crimson_roots":3,"minecraft:diamond_pickaxe":9,"minecraft:fishing_rod":1,"minecraft:crafting_table":6,"minecraft:nether_wart":45,"minecraft:chicken":1,"minecraft:ladder":42,"minecraft:gold_block":2,"minecraft:stripped_cherry_log":1,"minecraft:shield":6,"minecraft:cornflower":5,"minecraft:iron_axe":2,"minecraft:compass":1,"minecraft:blackstone":43,"minecraft:music_disc_otherside":1,"minecraft:beef":1,"minecraft:iron_nugget":39,"minecraft:poppy":28,"minecraft:sugar_cane":14,"minecraft:chest":8,"minecraft:birch_sapling":4,"minecraft:cherry_trapdoor":2,"minecraft:egg":1,"minecraft:raw_iron":287,"minecraft:polished_deepslate_slab":2,"minecraft:oak_door":22,"minecraft:polished_blackstone_bricks":6,"minecraft:redstone":31,"minecraft:arrow":22,"minecraft:weeping_vines":2,"minecraft:diamond_chestplate":4,"minecraft:nether_bricks":4,"minecraft:diamond_boots":4,"minecraft:shears":1,"minecraft:deepslate_bricks":147,"minecraft:mutton":47,"minecraft:rail":1,"minecraft:white_wool":66,"minecraft:oxeye_daisy":1,"minecraft:basalt":36,"minecraft:glow_ink_sac":3,"minecraft:salmon":34,"minecraft:leather":6,"minecraft:birch_planks":4,"minecraft:crimson_fungus":2,"minecraft:oak_log":328,"minecraft:ancient_debris":52,"minecraft:nether_wart_block":2,"minecraft:cobblestone_wall":1,"minecraft:cobblestone_stairs":31,"minecraft:apple":5,"minecraft:kelp":35,"minecraft:iron_ingot":44,"minecraft:stone_pickaxe":2,"minecraft:cherry_sign":2,"minecraft:iron_sword":3,"minecraft:soul_sand":40,"minecraft:warped_fungus":20,"minecraft:birch_boat":4,"minecraft:quartz":222,"minecraft:gravel":242,"minecraft:white_bed":1,"minecraft:spider_eye":2,"minecraft:polished_diorite_stairs":1,"minecraft:diamond_shovel":4,"minecraft:polished_diorite":92,"minecraft:diamond_axe":4,"minecraft:cherry_sapling":5,"minecraft:gray_wool":2,"minecraft:warped_roots":9,"minecraft:lodestone":1,"minecraft:baked_potato":1,"minecraft:warped_nylium":11,"minecraft:coal":466,"minecraft:ender_pearl":16},"minecraft:broken":{"minecraft:stone_pickaxe":1,"minecraft:diamond_pickaxe":7,"minecraft:stone_shovel":1,"minecraft:iron_pickaxe":1},"minecraft:dropped":{"minecraft:iron_sword":2,"minecraft:birch_planks":21,"minecraft:diamond_axe":4,"minecraft:warped_fungus":1,"minecraft:cooked_beef":38,"minecraft:diamond":15,"minecraft:crafting_table":1,"minecraft:cooked_porkchop":3,"minecraft:lantern":1,"minecraft:leather":2,"minecraft:saddle":1,"minecraft:flint":2,"minecraft:dirt":33,"minecraft:mutton":3,"minecraft:gold_nugget":26,"minecraft:bone_meal":4,"minecraft:iron_pickaxe":1,"minecraft:bone":3,"minecraft:oak_door":8,"minecraft:gravel":77,"minecraft:iron_nugget":4,"minecraft:cobbled_deepslate":413,"minecraft:wheat":4,"minecraft:obsidian":5,"minecraft:rotten_flesh":4,"minecraft:enchanted_golden_apple":1,"minecraft:oak_planks":2,"minecraft:diamond_shovel":2,"minecraft:salmon":3,"minecraft:arrow":9,"minecraft:netherrack":968,"minecraft:bread":21,"minecraft:iron_ingot":10,"minecraft:wheat_seeds":44,"minecraft:cherry_log":54,"minecraft:diamond_leggings":1,"minecraft:poisonous_potato":64,"minecraft:cobblestone":152,"minecraft:granite":12,"minecraft:coal":4,"minecraft:stick":10,"minecraft:torch":65,"minecraft:rose_bush":1,"minecraft:cherry_planks":134,"minecraft:diamond_helmet":3,"minecraft:iron_axe":2,"minecraft:iron_shovel":1,"minecraft:bucket":1,"minecraft:polished_deepslate":186,"minecraft:polished_diorite":44,"minecraft:raw_copper":54,"minecraft:polished_deepslate_slab":1,"minecraft:iron_boots":1,"minecraft:diamond_sword":4,"minecraft:potato":1,"minecraft:shield":4,"minecraft:diamond_chestplate":1,"minecraft:diamond_pickaxe":10,"minecraft:andesite":18,"minecraft:diamond_boots":1,"minecraft:birch_boat":2,"minecraft:bow":1,"minecraft:stone_pickaxe":2,"minecraft:wooden_pickaxe":1},"minecraft:killed":{"minecraft:zombified_piglin":1,"minecraft:spider":11,"minecraft:skeleton":31,"minecraft:chicken":1,"minecraft:piglin_brute":3,"minecraft:magma_cube":136,"minecraft:piglin":26,"minecraft:pig":5,"minecraft:salmon":32,"minecraft:strider":2,"minecraft:creeper":2,"minecraft:sheep":34,"minecraft:zombie":38,"minecraft:ghast":1,"minecraft:blaze":25,"minecraft:cow":1,"minecraft:drowned":2,"minecraft:hoglin":2,"minecraft:wither_skeleton":1,"minecraft:enderman":31},"minecraft:custom":{"minecraft:animals_bred":16,"minecraft:interact_with_crafting_table":170,"minecraft:leave_game":22,"minecraft:time_since_death":105718,"minecraft:damage_resisted":53,"minecraft:sprint_one_cm":3213390,"minecraft:damage_blocked_by_shield":3301,"minecraft:drop":268,"minecraft:play_time":2064801,"minecraft:deaths":2,"minecraft:jump":16714,"minecraft:walk_on_water_one_cm":251575,"minecraft:interact_with_furnace":137,"minecraft:play_record":1,"minecraft:interact_with_cartography_table":1,"minecraft:interact_with_loom":4,"minecraft:sleep_in_bed":11,"minecraft:damage_dealt":49424,"minecraft:player_kills":2,"minecraft:crouch_one_cm":852981,"minecraft:interact_with_smoker":24,"minecraft:mob_kills":397,"minecraft:climb_one_cm":136435,"minecraft:walk_one_cm":5503893,"minecraft:strider_one_cm":3657477,"minecraft:sneak_time":236040,"minecraft:walk_under_water_one_cm":505094,"minecraft:boat_one_cm":633269,"minecraft:interact_with_blast_furnace":11,"minecraft:total_world_time":2064801,"minecraft:time_since_rest":105793,"minecraft:damage_absorbed":134,"minecraft:damage_taken":9222,"minecraft:swim_one_cm":306071,"minecraft:fly_one_cm":1977948,"minecraft:open_chest":791,"minecraft:fall_one_cm":261676}},"DataVersion":3953}